{"level":"error","message":"something went wrong in load_context"}
{"level":"error","message":"something went wrong in load_context"}
{"level":"error","message":"something went wrong in load_context"}
{"level":"error","message":"something went wrong in load_context"}
{"level":"error","message":"something went wrong in load_context"}
{"level":"error","message":"something went wrong in load_context"}
{"level":"error","message":"something went wrong in load_context"}
{"level":"error","message":"something went wrong in load_context"}
{"level":"error","message":"something went wrong in load_context"}
{"level":"error","message":"something went wrong in load_context"}
{"level":"error","message":"something went wrong in load_context"}
{"level":"error","message":"something went wrong in load_context"}
{"level":"error","message":"something went wrong in load_context"}
{"level":"error","message":"something went wrong in load_context"}
{"level":"error","message":"something went wrong in load_context"}
{"level":"error","message":"something went wrong in load_context"}
{"level":"error","message":"something went wrong in load_context"}
{"level":"error","message":"something went wrong in load_context"}
{"level":"error","message":"something went wrong in load_context"}
{"level":"error","message":"something went wrong in load_context"}
{"level":"error","message":"something went wrong in load_context"}
{"level":"error","message":"something went wrong in load_context"}
{"level":"error","message":"something went wrong in load_context"}
{"level":"error","message":"something went wrong in load_context"}
{"level":"error","message":"something went wrong in load_context"}
{"level":"error","message":"something went wrong in load_context"}
{"level":"error","message":"something went wrong in load_context"}
{"level":"error","message":"something went wrong in load_context"}
{"level":"error","message":"something went wrong in load_context"}
{"level":"error","message":"something went wrong in load_context"}
{"level":"error","message":"something went wrong in load_context"}
{"level":"error","message":"something went wrong in load_context"}
{"level":"error","message":"something went wrong in load_context"}
{"level":"error","message":"something went wrong in load_context"}
{"level":"error","message":"something went wrong in load_context"}
{"level":"error","message":"something went wrong in load_context"}
{"level":"error","message":"something went wrong in load_context"}
{"level":"error","message":"something went wrong in load_context"}
{"level":"error","message":"something went wrong in load_context"}
{"level":"error","message":"something went wrong in load_context Error: ENOENT: no such file or directory, open 'C:\\Users\\mason\\Desktop\\orchestrator\\prompts\\coding_tasks_prompts.md'"}
{"level":"error","message":"something went wrong in load_context Error: ENOENT: no such file or directory, open 'C:\\Users\\mason\\Desktop\\orchestrator\\prompts\\execution_prompts.md'"}
{"level":"error","message":"something went wrong in load_context Error: ENOENT: no such file or directory, open 'C:\\Users\\mason\\Desktop\\orchestrator\\prompts\\chat_prompts.md'"}
{"level":"error","message":"something went wrong in load_context Error: ENOENT: no such file or directory, open 'C:\\Users\\mason\\Desktop\\orchestrator\\prompts\\tool_narrower.md'"}
{"level":"error","message":"something went wrong in load_context Error: ENOENT: no such file or directory, open 'C:\\Users\\mason\\Desktop\\orchestrator\\prompts\\types\\ApiToolChain.ts'"}
{"level":"error","message":"something went wrong in load_context Error: ENOENT: no such file or directory, open 'C:\\Users\\mason\\Desktop\\orchestrator\\prompts\\shell_executor_prompts.md'"}
{"level":"error","message":"something went wrong in load_context Error: ENOENT: no such file or directory, open 'C:\\Users\\mason\\Desktop\\orchestrator\\prompts\\karpathy_guidelines_prompts.md'"}
{"level":"error","message":"something went wrong in load_context Error: ENOENT: no such file or directory, open 'C:\\Users\\mason\\Desktop\\orchestrator\\prompts\\shell_executor_branch_prompts.md'"}
{"level":"error","message":"something went wrong in load_context Error: ENOENT: no such file or directory, open 'C:\\Users\\mason\\Desktop\\orchestrator\\prompts\\types\\ShellExecutor.ts'"}
{"level":"error","message":"something went wrong in load_context Error: ENOENT: no such file or directory, open 'C:\\Users\\mason\\Desktop\\orchestrator\\prompts\\types\\ShellBranch.ts'"}
{"level":"error","message":"something went wrong in load_context Error: ENOENT: no such file or directory, open 'C:\\Users\\mason\\Desktop\\orchestrator\\prompts\\shell_executor_branch_simplifier.md'"}
{"level":"error","message":"something went wrong in load_context Error: ENOENT: no such file or directory, open 'C:\\Users\\mason\\Desktop\\orchestrator\\prompts\\shell_results_analyzer_prompts.md'"}
{"level":"error","message":"something went wrong in load_context Error: ENOENT: no such file or directory, open 'C:\\Users\\mason\\Desktop\\orchestrator\\prompts\\types\\ShellResults.ts'"}
{"level":"error","message":"something went wrong in load_context Error: ENOENT: no such file or directory, open 'C:\\Users\\mason\\Desktop\\orchestrator\\prompts\\coding_tasks_prompts.md'"}
{"level":"error","message":"something went wrong in load_context Error: ENOENT: no such file or directory, open 'C:\\Users\\mason\\Desktop\\orchestrator\\prompts\\execution_prompts.md'"}
{"level":"error","message":"something went wrong in load_context Error: ENOENT: no such file or directory, open 'C:\\Users\\mason\\Desktop\\orchestrator\\prompts\\tool_narrower.md'"}
{"level":"error","message":"something went wrong in load_context Error: ENOENT: no such file or directory, open 'C:\\Users\\mason\\Desktop\\orchestrator\\prompts\\chat_prompts.md'"}
{"level":"error","message":"something went wrong in load_context Error: ENOENT: no such file or directory, open 'C:\\Users\\mason\\Desktop\\orchestrator\\prompts\\types\\ApiToolChain.ts'"}
{"level":"error","message":"something went wrong in load_context Error: ENOENT: no such file or directory, open 'C:\\Users\\mason\\Desktop\\orchestrator\\prompts\\types\\ShellExecutor.ts'"}
{"level":"error","message":"something went wrong in load_context Error: ENOENT: no such file or directory, open 'C:\\Users\\mason\\Desktop\\orchestrator\\prompts\\shell_executor_prompts.md'"}
{"level":"error","message":"something went wrong in load_context Error: ENOENT: no such file or directory, open 'C:\\Users\\mason\\Desktop\\orchestrator\\prompts\\karpathy_guidelines_prompts.md'"}
{"level":"error","message":"something went wrong in load_context Error: ENOENT: no such file or directory, open 'C:\\Users\\mason\\Desktop\\orchestrator\\prompts\\shell_executor_branch_prompts.md'"}
{"level":"error","message":"something went wrong in load_context Error: ENOENT: no such file or directory, open 'C:\\Users\\mason\\Desktop\\orchestrator\\prompts\\types\\ShellBranch.ts'"}
{"level":"error","message":"something went wrong in load_context Error: ENOENT: no such file or directory, open 'C:\\Users\\mason\\Desktop\\orchestrator\\prompts\\types\\ShellResults.ts'"}
{"level":"error","message":"something went wrong in load_context Error: ENOENT: no such file or directory, open 'C:\\Users\\mason\\Desktop\\orchestrator\\prompts\\shell_results_analyzer_prompts.md'"}
{"level":"error","message":"something went wrong in load_context Error: ENOENT: no such file or directory, open 'C:\\Users\\mason\\Desktop\\orchestrator\\prompts\\shell_executor_branch_simplifier.md'"}
{"level":"error","message":"something went wrong in load_context Error: ENOENT: no such file or directory, open 'C:\\Users\\mason\\Desktop\\orchestrator\\prompts\\chat_prompts.md'"}
{"level":"error","message":"something went wrong in load_context Error: ENOENT: no such file or directory, open 'C:\\Users\\mason\\Desktop\\orchestrator\\prompts\\coding_tasks_prompts.md'"}
{"level":"error","message":"something went wrong in load_context Error: ENOENT: no such file or directory, open 'C:\\Users\\mason\\Desktop\\orchestrator\\prompts\\tool_narrower.md'"}
{"level":"error","message":"something went wrong in load_context Error: ENOENT: no such file or directory, open 'C:\\Users\\mason\\Desktop\\orchestrator\\prompts\\execution_prompts.md'"}
{"level":"error","message":"something went wrong in load_context Error: ENOENT: no such file or directory, open 'C:\\Users\\mason\\Desktop\\orchestrator\\prompts\\types\\ApiToolChain.ts'"}
{"level":"error","message":"something went wrong in load_context Error: ENOENT: no such file or directory, open 'C:\\Users\\mason\\Desktop\\orchestrator\\prompts\\karpathy_guidelines_prompts.md'"}
{"level":"error","message":"something went wrong in load_context Error: ENOENT: no such file or directory, open 'C:\\Users\\mason\\Desktop\\orchestrator\\prompts\\types\\ShellExecutor.ts'"}
{"level":"error","message":"something went wrong in load_context Error: ENOENT: no such file or directory, open 'C:\\Users\\mason\\Desktop\\orchestrator\\prompts\\shell_executor_prompts.md'"}
{"level":"error","message":"something went wrong in load_context Error: ENOENT: no such file or directory, open 'C:\\Users\\mason\\Desktop\\orchestrator\\prompts\\shell_executor_branch_prompts.md'"}
{"level":"error","message":"something went wrong in load_context Error: ENOENT: no such file or directory, open 'C:\\Users\\mason\\Desktop\\orchestrator\\prompts\\types\\ShellBranch.ts'"}
{"level":"error","message":"something went wrong in load_context Error: ENOENT: no such file or directory, open 'C:\\Users\\mason\\Desktop\\orchestrator\\prompts\\shell_results_analyzer_prompts.md'"}
{"level":"error","message":"something went wrong in load_context Error: ENOENT: no such file or directory, open 'C:\\Users\\mason\\Desktop\\orchestrator\\prompts\\types\\ShellResults.ts'"}
{"level":"error","message":"something went wrong in load_context Error: ENOENT: no such file or directory, open 'C:\\Users\\mason\\Desktop\\orchestrator\\prompts\\shell_executor_branch_simplifier.md'"}
{"level":"error","message":"something went wrong in load_context Error: ENOENT: no such file or directory, open 'C:\\Users\\mason\\Desktop\\orchestrator\\prompts\\coding_tasks_prompts.md'"}
{"level":"error","message":"something went wrong in load_context Error: ENOENT: no such file or directory, open 'C:\\Users\\mason\\Desktop\\orchestrator\\prompts\\execution_prompts.md'"}
{"level":"error","message":"something went wrong in load_context Error: ENOENT: no such file or directory, open 'C:\\Users\\mason\\Desktop\\orchestrator\\prompts\\tool_narrower.md'"}
{"level":"error","message":"something went wrong in load_context Error: ENOENT: no such file or directory, open 'C:\\Users\\mason\\Desktop\\orchestrator\\prompts\\chat_prompts.md'"}
{"level":"error","message":"something went wrong in load_context Error: ENOENT: no such file or directory, open 'C:\\Users\\mason\\Desktop\\orchestrator\\prompts\\types\\ApiToolChain.ts'"}
{"level":"error","message":"something went wrong in load_context Error: ENOENT: no such file or directory, open 'C:\\Users\\mason\\Desktop\\orchestrator\\prompts\\karpathy_guidelines_prompts.md'"}
{"level":"error","message":"something went wrong in load_context Error: ENOENT: no such file or directory, open 'C:\\Users\\mason\\Desktop\\orchestrator\\prompts\\shell_executor_prompts.md'"}
{"level":"error","message":"something went wrong in load_context Error: ENOENT: no such file or directory, open 'C:\\Users\\mason\\Desktop\\orchestrator\\prompts\\types\\ShellBranch.ts'"}
{"level":"error","message":"something went wrong in load_context Error: ENOENT: no such file or directory, open 'C:\\Users\\mason\\Desktop\\orchestrator\\prompts\\types\\ShellExecutor.ts'"}
{"level":"error","message":"something went wrong in load_context Error: ENOENT: no such file or directory, open 'C:\\Users\\mason\\Desktop\\orchestrator\\prompts\\shell_results_analyzer_prompts.md'"}
{"level":"error","message":"something went wrong in load_context Error: ENOENT: no such file or directory, open 'C:\\Users\\mason\\Desktop\\orchestrator\\prompts\\shell_executor_branch_simplifier.md'"}
{"level":"error","message":"something went wrong in load_context Error: ENOENT: no such file or directory, open 'C:\\Users\\mason\\Desktop\\orchestrator\\prompts\\types\\ShellResults.ts'"}
{"level":"error","message":"something went wrong in load_context Error: ENOENT: no such file or directory, open 'C:\\Users\\mason\\Desktop\\orchestrator\\prompts\\shell_executor_branch_prompts.md'"}
{"level":"error","message":"something went wrong in load_context Error: ENOENT: no such file or directory, open 'C:\\Users\\mason\\Desktop\\orchestrator\\prompts\\coding_tasks_prompts.md'"}
{"level":"error","message":"something went wrong in load_context Error: ENOENT: no such file or directory, open 'C:\\Users\\mason\\Desktop\\orchestrator\\prompts\\execution_prompts.md'"}
{"level":"error","message":"something went wrong in load_context Error: ENOENT: no such file or directory, open 'C:\\Users\\mason\\Desktop\\orchestrator\\prompts\\chat_prompts.md'"}
{"level":"error","message":"something went wrong in load_context Error: ENOENT: no such file or directory, open 'C:\\Users\\mason\\Desktop\\orchestrator\\prompts\\types\\ApiToolChain.ts'"}
{"level":"error","message":"something went wrong in load_context Error: ENOENT: no such file or directory, open 'C:\\Users\\mason\\Desktop\\orchestrator\\prompts\\tool_narrower.md'"}
{"level":"error","message":"something went wrong in load_context Error: ENOENT: no such file or directory, open 'C:\\Users\\mason\\Desktop\\orchestrator\\prompts\\karpathy_guidelines_prompts.md'"}
{"level":"error","message":"something went wrong in load_context Error: ENOENT: no such file or directory, open 'C:\\Users\\mason\\Desktop\\orchestrator\\prompts\\shell_executor_prompts.md'"}
{"level":"error","message":"something went wrong in load_context Error: ENOENT: no such file or directory, open 'C:\\Users\\mason\\Desktop\\orchestrator\\prompts\\types\\ShellBranch.ts'"}
{"level":"error","message":"something went wrong in load_context Error: ENOENT: no such file or directory, open 'C:\\Users\\mason\\Desktop\\orchestrator\\prompts\\types\\ShellExecutor.ts'"}
{"level":"error","message":"something went wrong in load_context Error: ENOENT: no such file or directory, open 'C:\\Users\\mason\\Desktop\\orchestrator\\prompts\\shell_executor_branch_simplifier.md'"}
{"level":"error","message":"something went wrong in load_context Error: ENOENT: no such file or directory, open 'C:\\Users\\mason\\Desktop\\orchestrator\\prompts\\shell_executor_branch_prompts.md'"}
{"level":"error","message":"something went wrong in load_context Error: ENOENT: no such file or directory, open 'C:\\Users\\mason\\Desktop\\orchestrator\\prompts\\shell_results_analyzer_prompts.md'"}
{"level":"error","message":"something went wrong in load_context Error: ENOENT: no such file or directory, open 'C:\\Users\\mason\\Desktop\\orchestrator\\prompts\\types\\ShellResults.ts'"}
{"level":"error","message":"something went wrong in load_context Error: ENOENT: no such file or directory, open 'C:\\Users\\mason\\Desktop\\orchestrator\\prompts\\coding_tasks_prompts.md'"}
{"level":"error","message":"something went wrong in load_context Error: ENOENT: no such file or directory, open 'C:\\Users\\mason\\Desktop\\orchestrator\\prompts\\execution_prompts.md'"}
{"level":"error","message":"something went wrong in load_context Error: ENOENT: no such file or directory, open 'C:\\Users\\mason\\Desktop\\orchestrator\\prompts\\chat_prompts.md'"}
{"level":"error","message":"something went wrong in load_context Error: ENOENT: no such file or directory, open 'C:\\Users\\mason\\Desktop\\orchestrator\\prompts\\tool_narrower.md'"}
{"level":"error","message":"something went wrong in load_context Error: ENOENT: no such file or directory, open 'C:\\Users\\mason\\Desktop\\orchestrator\\prompts\\types\\ApiToolChain.ts'"}
{"level":"error","message":"something went wrong in load_context Error: ENOENT: no such file or directory, open 'C:\\Users\\mason\\Desktop\\orchestrator\\prompts\\karpathy_guidelines_prompts.md'"}
{"level":"error","message":"something went wrong in load_context Error: ENOENT: no such file or directory, open 'C:\\Users\\mason\\Desktop\\orchestrator\\prompts\\shell_executor_prompts.md'"}
{"level":"error","message":"something went wrong in load_context Error: ENOENT: no such file or directory, open 'C:\\Users\\mason\\Desktop\\orchestrator\\prompts\\types\\ShellBranch.ts'"}
{"level":"error","message":"something went wrong in load_context Error: ENOENT: no such file or directory, open 'C:\\Users\\mason\\Desktop\\orchestrator\\prompts\\types\\ShellExecutor.ts'"}
{"level":"error","message":"something went wrong in load_context Error: ENOENT: no such file or directory, open 'C:\\Users\\mason\\Desktop\\orchestrator\\prompts\\shell_executor_branch_prompts.md'"}
{"level":"error","message":"something went wrong in load_context Error: ENOENT: no such file or directory, open 'C:\\Users\\mason\\Desktop\\orchestrator\\prompts\\shell_executor_branch_simplifier.md'"}
{"level":"error","message":"something went wrong in load_context Error: ENOENT: no such file or directory, open 'C:\\Users\\mason\\Desktop\\orchestrator\\prompts\\shell_results_analyzer_prompts.md'"}
{"level":"error","message":"something went wrong in load_context Error: ENOENT: no such file or directory, open 'C:\\Users\\mason\\Desktop\\orchestrator\\prompts\\types\\ShellResults.ts'"}
{"level":"error","message":"something went wrong in load_context Error: ENOENT: no such file or directory, open 'C:\\Users\\mason\\Desktop\\orchestrator\\prompts\\execution_prompts.md'"}
{"level":"error","message":"something went wrong in load_context Error: ENOENT: no such file or directory, open 'C:\\Users\\mason\\Desktop\\orchestrator\\prompts\\coding_tasks_prompts.md'"}
{"level":"error","message":"something went wrong in load_context Error: ENOENT: no such file or directory, open 'C:\\Users\\mason\\Desktop\\orchestrator\\prompts\\chat_prompts.md'"}
{"level":"error","message":"something went wrong in load_context Error: ENOENT: no such file or directory, open 'C:\\Users\\mason\\Desktop\\orchestrator\\prompts\\karpathy_guidelines_prompts.md'"}
{"level":"error","message":"something went wrong in load_context Error: ENOENT: no such file or directory, open 'C:\\Users\\mason\\Desktop\\orchestrator\\prompts\\types\\ApiToolChain.ts'"}
{"level":"error","message":"something went wrong in load_context Error: ENOENT: no such file or directory, open 'C:\\Users\\mason\\Desktop\\orchestrator\\prompts\\tool_narrower.md'"}
{"level":"error","message":"something went wrong in load_context Error: ENOENT: no such file or directory, open 'C:\\Users\\mason\\Desktop\\orchestrator\\prompts\\types\\ShellExecutor.ts'"}
{"level":"error","message":"something went wrong in load_context Error: ENOENT: no such file or directory, open 'C:\\Users\\mason\\Desktop\\orchestrator\\prompts\\shell_executor_prompts.md'"}
{"level":"error","message":"something went wrong in load_context Error: ENOENT: no such file or directory, open 'C:\\Users\\mason\\Desktop\\orchestrator\\prompts\\shell_executor_branch_simplifier.md'"}
{"level":"error","message":"something went wrong in load_context Error: ENOENT: no such file or directory, open 'C:\\Users\\mason\\Desktop\\orchestrator\\prompts\\shell_executor_branch_prompts.md'"}
{"level":"error","message":"something went wrong in load_context Error: ENOENT: no such file or directory, open 'C:\\Users\\mason\\Desktop\\orchestrator\\prompts\\types\\ShellBranch.ts'"}
{"level":"error","message":"something went wrong in load_context Error: ENOENT: no such file or directory, open 'C:\\Users\\mason\\Desktop\\orchestrator\\prompts\\shell_results_analyzer_prompts.md'"}
{"level":"error","message":"something went wrong in load_context Error: ENOENT: no such file or directory, open 'C:\\Users\\mason\\Desktop\\orchestrator\\prompts\\types\\ShellResults.ts'"}
{"level":"error","message":"something went wrong in load_context Error: ENOENT: no such file or directory, open 'C:\\Users\\mason\\Desktop\\orchestrator\\prompts\\coding_tasks_prompts.md'"}
{"level":"error","message":"something went wrong in load_context Error: ENOENT: no such file or directory, open 'C:\\Users\\mason\\Desktop\\orchestrator\\prompts\\execution_prompts.md'"}
{"level":"error","message":"something went wrong in load_context Error: ENOENT: no such file or directory, open 'C:\\Users\\mason\\Desktop\\orchestrator\\prompts\\chat_prompts.md'"}
{"level":"error","message":"something went wrong in load_context Error: ENOENT: no such file or directory, open 'C:\\Users\\mason\\Desktop\\orchestrator\\prompts\\tool_narrower.md'"}
{"level":"error","message":"something went wrong in load_context Error: ENOENT: no such file or directory, open 'C:\\Users\\mason\\Desktop\\orchestrator\\prompts\\karpathy_guidelines_prompts.md'"}
{"level":"error","message":"something went wrong in load_context Error: ENOENT: no such file or directory, open 'C:\\Users\\mason\\Desktop\\orchestrator\\prompts\\types\\ApiToolChain.ts'"}
{"level":"error","message":"something went wrong in load_context Error: ENOENT: no such file or directory, open 'C:\\Users\\mason\\Desktop\\orchestrator\\prompts\\shell_executor_prompts.md'"}
{"level":"error","message":"something went wrong in load_context Error: ENOENT: no such file or directory, open 'C:\\Users\\mason\\Desktop\\orchestrator\\prompts\\types\\ShellExecutor.ts'"}
{"level":"error","message":"something went wrong in load_context Error: ENOENT: no such file or directory, open 'C:\\Users\\mason\\Desktop\\orchestrator\\prompts\\types\\ShellBranch.ts'"}
{"level":"error","message":"something went wrong in load_context Error: ENOENT: no such file or directory, open 'C:\\Users\\mason\\Desktop\\orchestrator\\prompts\\shell_executor_branch_prompts.md'"}
{"level":"error","message":"something went wrong in load_context Error: ENOENT: no such file or directory, open 'C:\\Users\\mason\\Desktop\\orchestrator\\prompts\\types\\ShellResults.ts'"}
{"level":"error","message":"something went wrong in load_context Error: ENOENT: no such file or directory, open 'C:\\Users\\mason\\Desktop\\orchestrator\\prompts\\shell_executor_branch_simplifier.md'"}
{"level":"error","message":"something went wrong in load_context Error: ENOENT: no such file or directory, open 'C:\\Users\\mason\\Desktop\\orchestrator\\prompts\\shell_results_analyzer_prompts.md'"}
{"level":"error","message":"something went wrong in load_context Error: ENOENT: no such file or directory, open 'C:\\Users\\mason\\Desktop\\orchestrator\\prompts\\coding_tasks_prompts.md'"}
{"level":"error","message":"something went wrong in load_context Error: ENOENT: no such file or directory, open 'C:\\Users\\mason\\Desktop\\orchestrator\\prompts\\chat_prompts.md'"}
{"level":"error","message":"something went wrong in load_context Error: ENOENT: no such file or directory, open 'C:\\Users\\mason\\Desktop\\orchestrator\\prompts\\execution_prompts.md'"}
{"level":"error","message":"something went wrong in load_context Error: ENOENT: no such file or directory, open 'C:\\Users\\mason\\Desktop\\orchestrator\\prompts\\types\\ApiToolChain.ts'"}
{"level":"error","message":"something went wrong in load_context Error: ENOENT: no such file or directory, open 'C:\\Users\\mason\\Desktop\\orchestrator\\prompts\\tool_narrower.md'"}
{"level":"error","message":"something went wrong in load_context Error: ENOENT: no such file or directory, open 'C:\\Users\\mason\\Desktop\\orchestrator\\prompts\\shell_executor_prompts.md'"}
{"level":"error","message":"something went wrong in load_context Error: ENOENT: no such file or directory, open 'C:\\Users\\mason\\Desktop\\orchestrator\\prompts\\karpathy_guidelines_prompts.md'"}
{"level":"error","message":"something went wrong in load_context Error: ENOENT: no such file or directory, open 'C:\\Users\\mason\\Desktop\\orchestrator\\prompts\\types\\ShellExecutor.ts'"}
{"level":"error","message":"something went wrong in load_context Error: ENOENT: no such file or directory, open 'C:\\Users\\mason\\Desktop\\orchestrator\\prompts\\types\\ShellBranch.ts'"}
{"level":"error","message":"something went wrong in load_context Error: ENOENT: no such file or directory, open 'C:\\Users\\mason\\Desktop\\orchestrator\\prompts\\shell_executor_branch_prompts.md'"}
{"level":"error","message":"something went wrong in load_context Error: ENOENT: no such file or directory, open 'C:\\Users\\mason\\Desktop\\orchestrator\\prompts\\shell_results_analyzer_prompts.md'"}
{"level":"error","message":"something went wrong in load_context Error: ENOENT: no such file or directory, open 'C:\\Users\\mason\\Desktop\\orchestrator\\prompts\\types\\ShellResults.ts'"}
{"level":"error","message":"something went wrong in load_context Error: ENOENT: no such file or directory, open 'C:\\Users\\mason\\Desktop\\orchestrator\\prompts\\shell_executor_branch_simplifier.md'"}
{"level":"error","message":"something went wrong in load_context Error: ENOENT: no such file or directory, open 'C:\\Users\\mason\\Desktop\\orchestrator\\prompts\\coding_tasks_prompts.md'"}
{"level":"error","message":"something went wrong in load_context Error: ENOENT: no such file or directory, open 'C:\\Users\\mason\\Desktop\\orchestrator\\prompts\\execution_prompts.md'"}
{"level":"error","message":"something went wrong in load_context Error: ENOENT: no such file or directory, open 'C:\\Users\\mason\\Desktop\\orchestrator\\prompts\\tool_narrower.md'"}
{"level":"error","message":"something went wrong in load_context Error: ENOENT: no such file or directory, open 'C:\\Users\\mason\\Desktop\\orchestrator\\prompts\\chat_prompts.md'"}
{"level":"error","message":"something went wrong in load_context Error: ENOENT: no such file or directory, open 'C:\\Users\\mason\\Desktop\\orchestrator\\prompts\\shell_executor_prompts.md'"}
{"level":"error","message":"something went wrong in load_context Error: ENOENT: no such file or directory, open 'C:\\Users\\mason\\Desktop\\orchestrator\\prompts\\karpathy_guidelines_prompts.md'"}
{"level":"error","message":"something went wrong in load_context Error: ENOENT: no such file or directory, open 'C:\\Users\\mason\\Desktop\\orchestrator\\prompts\\types\\ApiToolChain.ts'"}
{"level":"error","message":"something went wrong in load_context Error: ENOENT: no such file or directory, open 'C:\\Users\\mason\\Desktop\\orchestrator\\prompts\\types\\ShellExecutor.ts'"}
{"level":"error","message":"something went wrong in load_context Error: ENOENT: no such file or directory, open 'C:\\Users\\mason\\Desktop\\orchestrator\\prompts\\types\\ShellBranch.ts'"}
{"level":"error","message":"something went wrong in load_context Error: ENOENT: no such file or directory, open 'C:\\Users\\mason\\Desktop\\orchestrator\\prompts\\shell_results_analyzer_prompts.md'"}
{"level":"error","message":"something went wrong in load_context Error: ENOENT: no such file or directory, open 'C:\\Users\\mason\\Desktop\\orchestrator\\prompts\\shell_executor_branch_simplifier.md'"}
{"level":"error","message":"something went wrong in load_context Error: ENOENT: no such file or directory, open 'C:\\Users\\mason\\Desktop\\orchestrator\\prompts\\shell_executor_branch_prompts.md'"}
{"level":"error","message":"something went wrong in load_context Error: ENOENT: no such file or directory, open 'C:\\Users\\mason\\Desktop\\orchestrator\\prompts\\types\\ShellResults.ts'"}
{"level":"error","message":"something went wrong in load_context Error: ENOENT: no such file or directory, open 'C:\\Users\\mason\\Desktop\\orchestrator\\prompts\\coding_tasks_prompts.md'"}
{"level":"error","message":"something went wrong in load_context Error: ENOENT: no such file or directory, open 'C:\\Users\\mason\\Desktop\\orchestrator\\prompts\\chat_prompts.md'"}
{"level":"error","message":"something went wrong in load_context Error: ENOENT: no such file or directory, open 'C:\\Users\\mason\\Desktop\\orchestrator\\prompts\\execution_prompts.md'"}
{"level":"error","message":"something went wrong in load_context Error: ENOENT: no such file or directory, open 'C:\\Users\\mason\\Desktop\\orchestrator\\prompts\\tool_narrower.md'"}
{"level":"error","message":"something went wrong in load_context Error: ENOENT: no such file or directory, open 'C:\\Users\\mason\\Desktop\\orchestrator\\prompts\\karpathy_guidelines_prompts.md'"}
{"level":"error","message":"something went wrong in load_context Error: ENOENT: no such file or directory, open 'C:\\Users\\mason\\Desktop\\orchestrator\\prompts\\types\\ApiToolChain.ts'"}
{"level":"error","message":"something went wrong in load_context Error: ENOENT: no such file or directory, open 'C:\\Users\\mason\\Desktop\\orchestrator\\prompts\\shell_executor_prompts.md'"}
{"level":"error","message":"something went wrong in load_context Error: ENOENT: no such file or directory, open 'C:\\Users\\mason\\Desktop\\orchestrator\\prompts\\types\\ShellExecutor.ts'"}
{"level":"error","message":"something went wrong in load_context Error: ENOENT: no such file or directory, open 'C:\\Users\\mason\\Desktop\\orchestrator\\prompts\\types\\ShellBranch.ts'"}
{"level":"error","message":"something went wrong in load_context Error: ENOENT: no such file or directory, open 'C:\\Users\\mason\\Desktop\\orchestrator\\prompts\\shell_executor_branch_prompts.md'"}
{"level":"error","message":"something went wrong in load_context Error: ENOENT: no such file or directory, open 'C:\\Users\\mason\\Desktop\\orchestrator\\prompts\\types\\ShellResults.ts'"}
{"level":"error","message":"something went wrong in load_context Error: ENOENT: no such file or directory, open 'C:\\Users\\mason\\Desktop\\orchestrator\\prompts\\shell_executor_branch_simplifier.md'"}
{"level":"error","message":"something went wrong in load_context Error: ENOENT: no such file or directory, open 'C:\\Users\\mason\\Desktop\\orchestrator\\prompts\\shell_results_analyzer_prompts.md'"}
{"level":"error","message":"something went wrong in load_context Error: ENOENT: no such file or directory, open 'C:\\Users\\mason\\Desktop\\orchestrator\\prompts\\coding_tasks_prompts.md'"}
{"level":"error","message":"something went wrong in load_context Error: ENOENT: no such file or directory, open 'C:\\Users\\mason\\Desktop\\orchestrator\\prompts\\chat_prompts.md'"}
{"level":"error","message":"something went wrong in load_context Error: ENOENT: no such file or directory, open 'C:\\Users\\mason\\Desktop\\orchestrator\\prompts\\execution_prompts.md'"}
{"level":"error","message":"something went wrong in load_context Error: ENOENT: no such file or directory, open 'C:\\Users\\mason\\Desktop\\orchestrator\\prompts\\types\\ApiToolChain.ts'"}
{"level":"error","message":"something went wrong in load_context Error: ENOENT: no such file or directory, open 'C:\\Users\\mason\\Desktop\\orchestrator\\prompts\\tool_narrower.md'"}
{"level":"error","message":"something went wrong in load_context Error: ENOENT: no such file or directory, open 'C:\\Users\\mason\\Desktop\\orchestrator\\prompts\\karpathy_guidelines_prompts.md'"}
{"level":"error","message":"something went wrong in load_context Error: ENOENT: no such file or directory, open 'C:\\Users\\mason\\Desktop\\orchestrator\\prompts\\shell_executor_prompts.md'"}
{"level":"error","message":"something went wrong in load_context Error: ENOENT: no such file or directory, open 'C:\\Users\\mason\\Desktop\\orchestrator\\prompts\\types\\ShellExecutor.ts'"}
{"level":"error","message":"something went wrong in load_context Error: ENOENT: no such file or directory, open 'C:\\Users\\mason\\Desktop\\orchestrator\\prompts\\shell_executor_branch_simplifier.md'"}
{"level":"error","message":"something went wrong in load_context Error: ENOENT: no such file or directory, open 'C:\\Users\\mason\\Desktop\\orchestrator\\prompts\\types\\ShellBranch.ts'"}
{"level":"error","message":"something went wrong in load_context Error: ENOENT: no such file or directory, open 'C:\\Users\\mason\\Desktop\\orchestrator\\prompts\\types\\ShellResults.ts'"}
{"level":"error","message":"something went wrong in load_context Error: ENOENT: no such file or directory, open 'C:\\Users\\mason\\Desktop\\orchestrator\\prompts\\shell_results_analyzer_prompts.md'"}
{"level":"error","message":"something went wrong in load_context Error: ENOENT: no such file or directory, open 'C:\\Users\\mason\\Desktop\\orchestrator\\prompts\\shell_executor_branch_prompts.md'"}
{"level":"error","message":"something went wrong in load_context TypeError: Invalid URL"}
{"level":"error","message":"something went wrong in load_context TypeError: Invalid URL"}
{"level":"error","message":"something went wrong in load_context TypeError: Invalid URL"}
{"level":"error","message":"something went wrong in load_context TypeError: Invalid URL"}
{"level":"error","message":"something went wrong in load_context TypeError: Invalid URL"}
{"level":"error","message":"something went wrong in load_context TypeError: Invalid URL"}
{"level":"error","message":"something went wrong in load_context TypeError: Invalid URL"}
{"level":"error","message":"something went wrong in load_context TypeError: Invalid URL"}
{"level":"error","message":"something went wrong in load_context TypeError: Invalid URL"}
{"level":"error","message":"something went wrong in load_context TypeError: Invalid URL"}
{"level":"error","message":"something went wrong in load_context TypeError: Invalid URL"}
{"level":"error","message":"something went wrong in load_context TypeError: Invalid URL"}
{"level":"error","message":"something went wrong in load_context TypeError: Invalid URL"}
{"level":"error","message":"something went wrong in load_context TypeError: Invalid URL"}
{"level":"error","message":"something went wrong in load_context TypeError: Invalid URL"}
{"level":"error","message":"something went wrong in load_context TypeError: Invalid URL"}
{"level":"error","message":"something went wrong in load_context TypeError: Invalid URL"}
{"level":"error","message":"something went wrong in load_context TypeError: Invalid URL"}
{"level":"error","message":"something went wrong in load_context TypeError: Invalid URL"}
{"level":"error","message":"something went wrong in load_context TypeError: Invalid URL"}
{"level":"error","message":"something went wrong in load_context TypeError: Invalid URL"}
{"level":"error","message":"something went wrong in load_context TypeError: Invalid URL"}
{"level":"error","message":"something went wrong in load_context TypeError: Invalid URL"}
{"level":"error","message":"something went wrong in load_context TypeError: Invalid URL"}
{"level":"error","message":"something went wrong in load_context TypeError: Invalid URL"}
{"level":"error","message":"something went wrong in load_context TypeError: Invalid URL"}
{"level":"error","message":"something went wrong in load_context TypeError: Invalid URL"}
{"level":"error","message":"something went wrong in load_context TypeError: Invalid URL"}
{"level":"error","message":"something went wrong in load_context TypeError: Invalid URL"}
{"level":"error","message":"something went wrong in load_context TypeError: Invalid URL"}
{"level":"error","message":"something went wrong in load_context TypeError: Invalid URL"}
{"level":"error","message":"something went wrong in load_context TypeError: Invalid URL"}
{"level":"error","message":"something went wrong in load_context TypeError: Invalid URL"}
{"level":"error","message":"something went wrong in load_context TypeError: Invalid URL"}
{"level":"error","message":"something went wrong in load_context TypeError: Invalid URL"}
{"level":"error","message":"something went wrong in load_context TypeError: Invalid URL"}
{"level":"error","message":"something went wrong in load_context TypeError: Invalid URL"}
{"level":"error","message":"something went wrong in load_context TypeError: Invalid URL"}
{"level":"error","message":"something went wrong in load_context TypeError: Invalid URL"}
{"level":"error","message":"something went wrong in load_context TypeError: Invalid URL"}
{"level":"error","message":"something went wrong in load_context TypeError: Invalid URL"}
{"level":"error","message":"something went wrong in load_context TypeError: Invalid URL"}
{"level":"error","message":"something went wrong in load_context TypeError: Invalid URL"}
{"level":"error","message":"something went wrong in load_context TypeError: Invalid URL"}
{"level":"error","message":"something went wrong in load_context TypeError: Invalid URL"}
{"level":"error","message":"something went wrong in load_context TypeError: Invalid URL"}
{"level":"error","message":"something went wrong in load_context TypeError: Invalid URL"}
{"level":"error","message":"something went wrong in load_context TypeError: Invalid URL"}
{"level":"error","message":"something went wrong in load_context TypeError: Invalid URL"}
{"level":"error","message":"something went wrong in load_context TypeError: Invalid URL"}
{"level":"error","message":"something went wrong in load_context TypeError: Invalid URL"}
{"level":"error","message":"something went wrong in load_context TypeError: Invalid URL"}
{"level":"error","message":"something went wrong in load_context TypeError: Invalid URL"}
{"level":"error","message":"something went wrong in load_context TypeError: Invalid URL"}
{"level":"error","message":"something went wrong in load_context TypeError: Invalid URL"}
{"level":"error","message":"something went wrong in load_context TypeError: Invalid URL"}
{"level":"error","message":"something went wrong in load_context TypeError: Invalid URL"}
{"level":"error","message":"something went wrong in load_context TypeError: Invalid URL"}
{"level":"error","message":"something went wrong in load_context TypeError: Invalid URL"}
{"level":"error","message":"something went wrong in load_context TypeError: Invalid URL"}
{"level":"error","message":"something went wrong in load_context TypeError: Invalid URL"}
{"level":"error","message":"something went wrong in load_context TypeError: Invalid URL"}
{"level":"error","message":"something went wrong in load_context TypeError: Invalid URL"}
{"level":"error","message":"something went wrong in load_context TypeError: Invalid URL"}
{"level":"error","message":"something went wrong in load_context TypeError: Invalid URL"}
{"level":"error","message":"something went wrong in load_context TypeError: Invalid URL"}
{"level":"error","message":"something went wrong in load_context TypeError: Invalid URL"}
{"level":"error","message":"something went wrong in load_context TypeError: Invalid URL"}
{"level":"error","message":"something went wrong in load_context TypeError: Invalid URL"}
{"level":"error","message":"something went wrong in load_context TypeError: Invalid URL"}
{"level":"error","message":"something went wrong in load_context TypeError: Invalid URL"}
{"level":"error","message":"something went wrong in load_context TypeError: Invalid URL"}
{"level":"error","message":"something went wrong in load_context TypeError: Invalid URL"}
{"level":"error","message":"something went wrong in load_context TypeError: Invalid URL"}
{"level":"error","message":"something went wrong in load_context TypeError: Invalid URL"}
{"level":"error","message":"something went wrong in load_context TypeError: Invalid URL"}
{"level":"error","message":"something went wrong in load_context TypeError: Invalid URL"}
{"level":"error","message":"something went wrong in load_context TypeError: Invalid URL"}
{"level":"error","message":"something went wrong in load_context TypeError: Invalid URL"}
{"level":"error","message":"something went wrong in load_context TypeError: Invalid URL"}
{"level":"error","message":"something went wrong in load_context TypeError: Invalid URL"}
{"level":"error","message":"something went wrong in load_context TypeError: Invalid URL"}
{"level":"error","message":"something went wrong in load_context TypeError: Invalid URL"}
{"level":"error","message":"something went wrong in load_context TypeError: Invalid URL"}
{"level":"error","message":"something went wrong in load_context TypeError: Invalid URL"}
{"level":"error","message":"something went wrong in load_context TypeError: Invalid URL"}
{"level":"error","message":"something went wrong in load_context TypeError: Invalid URL"}
{"level":"error","message":"something went wrong in load_context TypeError: Invalid URL"}
{"level":"error","message":"something went wrong in load_context TypeError: Invalid URL"}
{"level":"error","message":"something went wrong in load_context TypeError: Invalid URL"}
{"level":"error","message":"something went wrong in load_context TypeError: Invalid URL"}
{"level":"error","message":"something went wrong in load_context TypeError: Invalid URL"}
{"level":"error","message":"something went wrong in load_context TypeError: Invalid URL"}
{"level":"error","message":"something went wrong in load_context TypeError: Invalid URL"}
{"level":"error","message":"something went wrong in load_context TypeError: Invalid URL"}
{"level":"error","message":"something went wrong in load_context TypeError: Invalid URL"}
{"level":"error","message":"something went wrong in load_context TypeError: Invalid URL"}
{"level":"error","message":"something went wrong in load_context TypeError: Invalid URL"}
{"level":"error","message":"something went wrong in load_context TypeError: Invalid URL"}
{"level":"error","message":"something went wrong in load_context TypeError: Invalid URL"}
{"level":"error","message":"something went wrong in load_context TypeError: Invalid URL"}
{"level":"error","message":"something went wrong in load_context TypeError: Invalid URL"}
{"level":"error","message":"something went wrong in load_context TypeError: Invalid URL"}
{"level":"error","message":"something went wrong in load_context TypeError: Invalid URL"}
{"level":"error","message":"something went wrong in load_context TypeError: Invalid URL"}
{"level":"error","message":"something went wrong in load_context TypeError: Invalid URL"}
{"level":"error","message":"something went wrong in load_context TypeError: Invalid URL"}
{"level":"error","message":"something went wrong in load_context TypeError: Invalid URL"}
{"level":"error","message":"something went wrong in load_context TypeError: Invalid URL"}
{"level":"error","message":"something went wrong in load_context TypeError: Invalid URL"}
{"level":"error","message":"something went wrong in load_context TypeError: Invalid URL"}
{"level":"error","message":"something went wrong in load_context TypeError: Invalid URL"}
{"level":"error","message":"something went wrong in load_context TypeError: Invalid URL"}
{"level":"error","message":"something went wrong in load_context TypeError: Invalid URL"}
{"level":"error","message":"something went wrong in load_context TypeError: Invalid URL"}
{"level":"error","message":"something went wrong in load_context TypeError: Invalid URL"}
{"level":"error","message":"something went wrong in load_context TypeError: Invalid URL"}
{"level":"error","message":"something went wrong in load_context ReferenceError: __dirname is not defined"}
{"level":"error","message":"something went wrong in load_context ReferenceError: __dirname is not defined"}
{"level":"error","message":"something went wrong in load_context ReferenceError: __dirname is not defined"}
{"level":"error","message":"something went wrong in load_context ReferenceError: __dirname is not defined"}
{"level":"error","message":"something went wrong in load_context ReferenceError: __dirname is not defined"}
{"level":"error","message":"something went wrong in load_context ReferenceError: __dirname is not defined"}
{"level":"error","message":"something went wrong in load_context ReferenceError: __dirname is not defined"}
{"level":"error","message":"something went wrong in load_context ReferenceError: __dirname is not defined"}
{"level":"error","message":"something went wrong in load_context ReferenceError: __dirname is not defined"}
{"level":"error","message":"something went wrong in load_context ReferenceError: __dirname is not defined"}
{"level":"error","message":"something went wrong in load_context ReferenceError: __dirname is not defined"}
{"level":"error","message":"something went wrong in load_context ReferenceError: __dirname is not defined"}
{"level":"error","message":"something went wrong in load_context ReferenceError: __dirname is not defined"}
{"level":"error","message":"something went wrong in load_context ReferenceError: __dirname is not defined"}
{"level":"error","message":"something went wrong in load_context ReferenceError: __dirname is not defined"}
{"level":"error","message":"something went wrong in load_context ReferenceError: __dirname is not defined"}
{"level":"error","message":"something went wrong in load_context ReferenceError: __dirname is not defined"}
{"level":"error","message":"something went wrong in load_context ReferenceError: __dirname is not defined"}
{"level":"error","message":"something went wrong in load_context ReferenceError: __dirname is not defined"}
{"level":"error","message":"something went wrong in load_context ReferenceError: __dirname is not defined"}
{"level":"error","message":"something went wrong in load_context ReferenceError: __dirname is not defined"}
{"level":"error","message":"something went wrong in load_context ReferenceError: __dirname is not defined"}
{"level":"error","message":"something went wrong in load_context ReferenceError: __dirname is not defined"}
{"level":"error","message":"something went wrong in load_context ReferenceError: __dirname is not defined"}
{"level":"error","message":"something went wrong in load_context ReferenceError: __dirname is not defined"}
{"level":"error","message":"something went wrong in load_context ReferenceError: __dirname is not defined"}
{"level":"error","message":"something went wrong in load_context ReferenceError: __dirname is not defined"}
{"level":"error","message":"something went wrong in load_context ReferenceError: __dirname is not defined"}
{"level":"error","message":"something went wrong in load_context ReferenceError: __dirname is not defined"}
{"level":"error","message":"something went wrong in load_context ReferenceError: __dirname is not defined"}
{"level":"error","message":"something went wrong in load_context ReferenceError: __dirname is not defined"}
{"level":"error","message":"something went wrong in load_context ReferenceError: __dirname is not defined"}
{"level":"error","message":"something went wrong in load_context ReferenceError: __dirname is not defined"}
{"level":"error","message":"something went wrong in load_context ReferenceError: __dirname is not defined"}
{"level":"error","message":"something went wrong in load_context ReferenceError: __dirname is not defined"}
{"level":"error","message":"something went wrong in load_context ReferenceError: __dirname is not defined"}
{"level":"error","message":"something went wrong in load_context ReferenceError: __dirname is not defined"}
{"level":"error","message":"something went wrong in load_context ReferenceError: __dirname is not defined"}
{"level":"error","message":"something went wrong in load_context ReferenceError: __dirname is not defined"}
{"level":"error","message":"something went wrong in call_llm: TypeError: Request with GET/HEAD method cannot have body."}
{"level":"error","message":"something went wrong in load_context Error: ENOENT: no such file or directory, open 'prompts/coding_tasks_prompts.md'"}
{"level":"error","message":"something went wrong in load_context Error: ENOENT: no such file or directory, open 'prompts/types/ApiToolChain.ts'"}
{"level":"error","message":"something went wrong in load_context Error: ENOENT: no such file or directory, open 'prompts/karpathy_guidelines_prompts.md'"}
{"level":"error","message":"something went wrong in load_context Error: ENOENT: no such file or directory, open 'prompts/shell_executor_prompts.md'"}
{"level":"error","message":"something went wrong in load_context Error: ENOENT: no such file or directory, open 'prompts/types/ShellExecutor.ts'"}
{"level":"error","message":"something went wrong in load_context Error: ENOENT: no such file or directory, open 'prompts/types/ShellBranch.ts'"}
{"level":"error","message":"something went wrong in load_context Error: ENOENT: no such file or directory, open 'prompts/shell_executor_branch_prompts.md'"}
{"level":"error","message":"something went wrong in load_context Error: ENOENT: no such file or directory, open 'prompts/shell_executor_branch_simplifier.md'"}
{"level":"error","message":"something went wrong in load_context Error: ENOENT: no such file or directory, open 'prompts/shell_results_analyzer_prompts.md'"}
{"level":"error","message":"something went wrong in load_context Error: ENOENT: no such file or directory, open 'prompts/types/ShellResults.ts'"}
{"level":"error","message":"something went wrong in load_context Error: ENOENT: no such file or directory, open 'prompts/tool_narrower.md'"}
{"level":"error","message":"something went wrong in load_context Error: ENOENT: no such file or directory, open 'prompts/execution_prompts.md'"}
{"level":"error","message":"something went wrong in load_context Error: ENOENT: no such file or directory, open 'prompts/chat_prompts.md'"}
{"level":"error","message":"something went wrong in call_llm: TypeError: Request with GET/HEAD method cannot have body."}
{"level":"error","message":"something went wrong in call_llm: TypeError: Request with GET/HEAD method cannot have body."}
{"level":"error","message":"something went wrong in call_llm: TypeError: Request with GET/HEAD method cannot have body."}
{"level":"error","message":"something went wrong in call_llm: TypeError: Request with GET/HEAD method cannot have body."}
{"level":"error","message":"something went wrong in call_llm: TypeError: Request with GET/HEAD method cannot have body."}
{"level":"error","message":"something went wrong in call_llm: TypeError: Request with GET/HEAD method cannot have body."}
{"level":"error","message":"something went wrong in call_llm: TypeError: Request with GET/HEAD method cannot have body."}
{"level":"error","message":"something went wrong in call_llm: TypeError: Request with GET/HEAD method cannot have body."}
{"level":"error","message":"something went wrong in call_llm: TypeError: Request with GET/HEAD method cannot have body."}
{"level":"error","message":"something went wrong in call_llm: TypeError: Request with GET/HEAD method cannot have body."}
{"level":"error","message":"something went wrong in call_llm: TypeError: Request with GET/HEAD method cannot have body."}
{"level":"error","message":"something went wrong in call_llm: TypeError: Request with GET/HEAD method cannot have body."}
{"level":"error","message":"something went wrong in call_llm: TypeError: Request with GET/HEAD method cannot have body."}
{"level":"error","message":"something went wrong in load_context Error: ENOENT: no such file or directory, open 'prompts/coding_tasks_prompts.md'"}
{"level":"error","message":"something went wrong in load_context Error: ENOENT: no such file or directory, open 'prompts/types/ApiToolChain.ts'"}
{"level":"error","message":"something went wrong in load_context Error: ENOENT: no such file or directory, open 'prompts/karpathy_guidelines_prompts.md'"}
{"level":"error","message":"something went wrong in load_context Error: ENOENT: no such file or directory, open 'prompts/shell_executor_prompts.md'"}
{"level":"error","message":"something went wrong in load_context Error: ENOENT: no such file or directory, open 'prompts/types/ShellExecutor.ts'"}
{"level":"error","message":"something went wrong in load_context Error: ENOENT: no such file or directory, open 'prompts/types/ShellBranch.ts'"}
{"level":"error","message":"something went wrong in load_context Error: ENOENT: no such file or directory, open 'prompts/shell_executor_branch_prompts.md'"}
{"level":"error","message":"something went wrong in load_context Error: ENOENT: no such file or directory, open 'prompts/shell_executor_branch_simplifier.md'"}
{"level":"error","message":"something went wrong in load_context Error: ENOENT: no such file or directory, open 'prompts/shell_results_analyzer_prompts.md'"}
{"level":"error","message":"something went wrong in load_context Error: ENOENT: no such file or directory, open 'prompts/types/ShellResults.ts'"}
{"level":"error","message":"something went wrong in load_context Error: ENOENT: no such file or directory, open 'prompts/execution_prompts.md'"}
{"level":"error","message":"something went wrong in load_context Error: ENOENT: no such file or directory, open 'prompts/chat_prompts.md'"}
{"level":"error","message":"something went wrong in load_context Error: ENOENT: no such file or directory, open 'prompts/tool_narrower.md'"}
{"level":"error","message":"something went wrong in call_llm: TypeError: Request with GET/HEAD method cannot have body."}
{"level":"error","message":"something went wrong in call_llm: TypeError: Request with GET/HEAD method cannot have body."}
{"level":"error","message":"something went wrong in call_llm: TypeError: Request with GET/HEAD method cannot have body."}
{"level":"error","message":"something went wrong in call_llm: TypeError: Request with GET/HEAD method cannot have body."}
{"level":"error","message":"something went wrong in call_llm: Error: something went wrong in call_llm: status: 404"}
{"level":"error","message":"something went wrong in load_context Error: ENOENT: no such file or directory, open 'prompts/coding_tasks_prompts.md'"}
{"level":"error","message":"something went wrong in load_context Error: ENOENT: no such file or directory, open 'prompts/types/ApiToolChain.ts'"}
{"level":"error","message":"something went wrong in load_context Error: ENOENT: no such file or directory, open 'prompts/karpathy_guidelines_prompts.md'"}
{"level":"error","message":"something went wrong in load_context Error: ENOENT: no such file or directory, open 'prompts/shell_executor_prompts.md'"}
{"level":"error","message":"something went wrong in load_context Error: ENOENT: no such file or directory, open 'prompts/types/ShellExecutor.ts'"}
{"level":"error","message":"something went wrong in load_context Error: ENOENT: no such file or directory, open 'prompts/types/ShellBranch.ts'"}
{"level":"error","message":"something went wrong in load_context Error: ENOENT: no such file or directory, open 'prompts/shell_executor_branch_prompts.md'"}
{"level":"error","message":"something went wrong in load_context Error: ENOENT: no such file or directory, open 'prompts/shell_executor_branch_simplifier.md'"}
{"level":"error","message":"something went wrong in load_context Error: ENOENT: no such file or directory, open 'prompts/shell_results_analyzer_prompts.md'"}
{"level":"error","message":"something went wrong in load_context Error: ENOENT: no such file or directory, open 'prompts/types/ShellResults.ts'"}
{"level":"error","message":"something went wrong in load_context Error: ENOENT: no such file or directory, open 'prompts/tool_narrower.md'"}
{"level":"error","message":"something went wrong in load_context Error: ENOENT: no such file or directory, open 'prompts/chat_prompts.md'"}
{"level":"error","message":"something went wrong in load_context Error: ENOENT: no such file or directory, open 'prompts/execution_prompts.md'"}
{"level":"error","message":"something went wrong in load_context Error: ENOENT: no such file or directory, open 'prompts/coding_tasks_prompts.md'"}
{"level":"error","message":"something went wrong in load_context Error: ENOENT: no such file or directory, open 'prompts/types/ApiToolChain.ts'"}
{"level":"error","message":"something went wrong in load_context Error: ENOENT: no such file or directory, open 'prompts/karpathy_guidelines_prompts.md'"}
{"level":"error","message":"something went wrong in load_context Error: ENOENT: no such file or directory, open 'prompts/shell_executor_prompts.md'"}
{"level":"error","message":"something went wrong in load_context Error: ENOENT: no such file or directory, open 'prompts/types/ShellExecutor.ts'"}
{"level":"error","message":"something went wrong in load_context Error: ENOENT: no such file or directory, open 'prompts/types/ShellBranch.ts'"}
{"level":"error","message":"something went wrong in load_context Error: ENOENT: no such file or directory, open 'prompts/shell_executor_branch_prompts.md'"}
{"level":"error","message":"something went wrong in load_context Error: ENOENT: no such file or directory, open 'prompts/shell_executor_branch_simplifier.md'"}
{"level":"error","message":"something went wrong in load_context Error: ENOENT: no such file or directory, open 'prompts/shell_results_analyzer_prompts.md'"}
{"level":"error","message":"something went wrong in load_context Error: ENOENT: no such file or directory, open 'prompts/types/ShellResults.ts'"}
{"level":"error","message":"something went wrong in load_context Error: ENOENT: no such file or directory, open 'prompts/chat_prompts.md'"}
{"level":"error","message":"something went wrong in load_context Error: ENOENT: no such file or directory, open 'prompts/execution_prompts.md'"}
{"level":"error","message":"something went wrong in load_context Error: ENOENT: no such file or directory, open 'prompts/tool_narrower.md'"}
{"level":"error","message":"something went wrong in load_context Error: ENOENT: no such file or directory, open 'prompts/coding_tasks_prompts.md'"}
{"level":"error","message":"something went wrong in load_context Error: ENOENT: no such file or directory, open 'prompts/types/ApiToolChain.ts'"}
{"level":"error","message":"something went wrong in load_context Error: ENOENT: no such file or directory, open 'prompts/karpathy_guidelines_prompts.md'"}
{"level":"error","message":"something went wrong in load_context Error: ENOENT: no such file or directory, open 'prompts/shell_executor_prompts.md'"}
{"level":"error","message":"something went wrong in load_context Error: ENOENT: no such file or directory, open 'prompts/types/ShellExecutor.ts'"}
{"level":"error","message":"something went wrong in load_context Error: ENOENT: no such file or directory, open 'prompts/types/ShellBranch.ts'"}
{"level":"error","message":"something went wrong in load_context Error: ENOENT: no such file or directory, open 'prompts/shell_executor_branch_prompts.md'"}
{"level":"error","message":"something went wrong in load_context Error: ENOENT: no such file or directory, open 'prompts/shell_executor_branch_simplifier.md'"}
{"level":"error","message":"something went wrong in load_context Error: ENOENT: no such file or directory, open 'prompts/shell_results_analyzer_prompts.md'"}
{"level":"error","message":"something went wrong in load_context Error: ENOENT: no such file or directory, open 'prompts/types/ShellResults.ts'"}
{"level":"error","message":"something went wrong in load_context Error: ENOENT: no such file or directory, open 'prompts/chat_prompts.md'"}
{"level":"error","message":"something went wrong in load_context Error: ENOENT: no such file or directory, open 'prompts/tool_narrower.md'"}
{"level":"error","message":"something went wrong in load_context Error: ENOENT: no such file or directory, open 'prompts/execution_prompts.md'"}
{"level":"error","message":"something went wrong in call_llm: Error: something went wrong in call_llm: status: 404"}
{"level":"error","message":"something went wrong in call_llm: Error: something went wrong in call_llm: status: 404"}
{"level":"error","message":"something went wrong in call_llm: Error: something went wrong in call_llm: status: 404"}
{"level":"error","message":"something went wrong in call_llm: Error: something went wrong in call_llm: status: 404, {}"}
{"level":"error","message":"something went wrong in call_llm: Error: something went wrong in call_llm: status: 404, {}"}
{"level":"error","message":"something went wrong in call_llm: Error: something went wrong in call_llm: status: 404, {}"}
{"level":"error","message":"something went wrong in call_llm: Error: something went wrong in call_llm: status: 404, errorText: {\"error\":\"model 'qwen3-coder:30b' not found\"}"}
{"level":"error","message":"something went wrong in call_llm: Error: something went wrong in call_llm: status: 404, errorText: {\"error\":\"model 'qwen3-coder:30b' not found\"}"}
{"level":"error","message":"something went wrong in load_context Error: ENOENT: no such file or directory, open 'prompts/coding_tasks_prompts.md'"}
{"level":"error","message":"something went wrong in load_context Error: ENOENT: no such file or directory, open 'prompts/tool_narrower.md'"}
{"level":"error","message":"something went wrong in load_context Error: ENOENT: no such file or directory, open 'prompts/types/ApiToolChain.ts'"}
{"level":"error","message":"something went wrong in load_context Error: ENOENT: no such file or directory, open 'prompts/karpathy_guidelines_prompts.md'"}
{"level":"error","message":"something went wrong in load_context Error: ENOENT: no such file or directory, open 'prompts/shell_executor_prompts.md'"}
{"level":"error","message":"something went wrong in load_context Error: ENOENT: no such file or directory, open 'prompts/types/ShellExecutor.ts'"}
{"level":"error","message":"something went wrong in load_context Error: ENOENT: no such file or directory, open 'prompts/types/ShellBranch.ts'"}
{"level":"error","message":"something went wrong in load_context Error: ENOENT: no such file or directory, open 'prompts/shell_executor_branch_prompts.md'"}
{"level":"error","message":"something went wrong in load_context Error: ENOENT: no such file or directory, open 'prompts/shell_executor_branch_simplifier.md'"}
{"level":"error","message":"something went wrong in load_context Error: ENOENT: no such file or directory, open 'prompts/shell_results_analyzer_prompts.md'"}
{"level":"error","message":"something went wrong in load_context Error: ENOENT: no such file or directory, open 'prompts/types/ShellResults.ts'"}
{"level":"error","message":"something went wrong in load_context Error: ENOENT: no such file or directory, open 'prompts/execution_prompts.md'"}
{"level":"error","message":"something went wrong in load_context Error: ENOENT: no such file or directory, open 'prompts/chat_prompts.md'"}
{"level":"error","message":"something went wrong in load_context Error: ENOENT: no such file or directory, open 'prompts/coding_tasks_prompts.md'"}
{"level":"error","message":"something went wrong in load_context Error: ENOENT: no such file or directory, open 'prompts/types/ApiToolChain.ts'"}
{"level":"error","message":"something went wrong in load_context Error: ENOENT: no such file or directory, open 'prompts/karpathy_guidelines_prompts.md'"}
{"level":"error","message":"something went wrong in load_context Error: ENOENT: no such file or directory, open 'prompts/shell_executor_prompts.md'"}
{"level":"error","message":"something went wrong in load_context Error: ENOENT: no such file or directory, open 'prompts/tool_narrower.md'"}
{"level":"error","message":"something went wrong in load_context Error: ENOENT: no such file or directory, open 'prompts/types/ShellExecutor.ts'"}
{"level":"error","message":"something went wrong in load_context Error: ENOENT: no such file or directory, open 'prompts/shell_executor_branch_prompts.md'"}
{"level":"error","message":"something went wrong in load_context Error: ENOENT: no such file or directory, open 'prompts/types/ShellBranch.ts'"}
{"level":"error","message":"something went wrong in load_context Error: ENOENT: no such file or directory, open 'prompts/shell_executor_branch_simplifier.md'"}
{"level":"error","message":"something went wrong in load_context Error: ENOENT: no such file or directory, open 'prompts/shell_results_analyzer_prompts.md'"}
{"level":"error","message":"something went wrong in load_context Error: ENOENT: no such file or directory, open 'prompts/types/ShellResults.ts'"}
{"level":"error","message":"something went wrong in load_context Error: ENOENT: no such file or directory, open 'prompts/execution_prompts.md'"}
{"level":"error","message":"something went wrong in load_context Error: ENOENT: no such file or directory, open 'prompts/chat_prompts.md'"}
{"level":"error","message":"something went wrong in load_context Error: ENOENT: no such file or directory, open 'prompts/coding_tasks_prompts.md'"}
{"level":"error","message":"something went wrong in load_context Error: ENOENT: no such file or directory, open 'prompts/types/ApiToolChain.ts'"}
{"level":"error","message":"something went wrong in load_context Error: ENOENT: no such file or directory, open 'prompts/karpathy_guidelines_prompts.md'"}
{"level":"error","message":"something went wrong in load_context Error: ENOENT: no such file or directory, open 'prompts/shell_executor_prompts.md'"}
{"level":"error","message":"something went wrong in load_context Error: ENOENT: no such file or directory, open 'prompts/types/ShellExecutor.ts'"}
{"level":"error","message":"something went wrong in load_context Error: ENOENT: no such file or directory, open 'prompts/types/ShellBranch.ts'"}
{"level":"error","message":"something went wrong in load_context Error: ENOENT: no such file or directory, open 'prompts/tool_narrower.md'"}
{"level":"error","message":"something went wrong in load_context Error: ENOENT: no such file or directory, open 'prompts/shell_executor_branch_prompts.md'"}
{"level":"error","message":"something went wrong in load_context Error: ENOENT: no such file or directory, open 'prompts/chat_prompts.md'"}
{"level":"error","message":"something went wrong in load_context Error: ENOENT: no such file or directory, open 'prompts/shell_executor_branch_simplifier.md'"}
{"level":"error","message":"something went wrong in load_context Error: ENOENT: no such file or directory, open 'prompts/shell_results_analyzer_prompts.md'"}
{"level":"error","message":"something went wrong in load_context Error: ENOENT: no such file or directory, open 'prompts/types/ShellResults.ts'"}
{"level":"error","message":"something went wrong in load_context Error: ENOENT: no such file or directory, open 'prompts/execution_prompts.md'"}
{"level":"error","message":"something went wrong in load_context Error: ENOENT: no such file or directory, open 'prompts/coding_tasks_prompts.md'"}
{"level":"error","message":"something went wrong in load_context Error: ENOENT: no such file or directory, open 'prompts/types/ApiToolChain.ts'"}
{"level":"error","message":"something went wrong in load_context Error: ENOENT: no such file or directory, open 'prompts/karpathy_guidelines_prompts.md'"}
{"level":"error","message":"something went wrong in load_context Error: ENOENT: no such file or directory, open 'prompts/shell_executor_prompts.md'"}
{"level":"error","message":"something went wrong in load_context Error: ENOENT: no such file or directory, open 'prompts/chat_prompts.md'"}
{"level":"error","message":"something went wrong in load_context Error: ENOENT: no such file or directory, open 'prompts/types/ShellExecutor.ts'"}
{"level":"error","message":"something went wrong in load_context Error: ENOENT: no such file or directory, open 'prompts/shell_executor_branch_prompts.md'"}
{"level":"error","message":"something went wrong in load_context Error: ENOENT: no such file or directory, open 'prompts/types/ShellBranch.ts'"}
{"level":"error","message":"something went wrong in load_context Error: ENOENT: no such file or directory, open 'prompts/shell_executor_branch_simplifier.md'"}
{"level":"error","message":"something went wrong in load_context Error: ENOENT: no such file or directory, open 'prompts/shell_results_analyzer_prompts.md'"}
{"level":"error","message":"something went wrong in load_context Error: ENOENT: no such file or directory, open 'prompts/types/ShellResults.ts'"}
{"level":"error","message":"something went wrong in load_context Error: ENOENT: no such file or directory, open 'prompts/execution_prompts.md'"}
{"level":"error","message":"something went wrong in load_context Error: ENOENT: no such file or directory, open 'prompts/tool_narrower.md'"}
{"level":"error","message":"something went wrong in load_context Error: ENOENT: no such file or directory, open 'prompts/tool_narrower.md'"}
{"level":"error","message":"something went wrong in load_context Error: ENOENT: no such file or directory, open 'prompts/types/ApiToolChain.ts'"}
{"level":"error","message":"something went wrong in load_context Error: ENOENT: no such file or directory, open 'prompts/karpathy_guidelines_prompts.md'"}
{"level":"error","message":"something went wrong in load_context Error: ENOENT: no such file or directory, open 'prompts/shell_executor_prompts.md'"}
{"level":"error","message":"something went wrong in load_context Error: ENOENT: no such file or directory, open 'prompts/types/ShellExecutor.ts'"}
{"level":"error","message":"something went wrong in load_context Error: ENOENT: no such file or directory, open 'prompts/types/ShellBranch.ts'"}
{"level":"error","message":"something went wrong in load_context Error: ENOENT: no such file or directory, open 'prompts/shell_executor_branch_prompts.md'"}
{"level":"error","message":"something went wrong in load_context Error: ENOENT: no such file or directory, open 'prompts/shell_executor_branch_simplifier.md'"}
{"level":"error","message":"something went wrong in load_context Error: ENOENT: no such file or directory, open 'prompts/execution_prompts.md'"}
{"level":"error","message":"something went wrong in load_context Error: ENOENT: no such file or directory, open 'prompts/shell_results_analyzer_prompts.md'"}
{"level":"error","message":"something went wrong in load_context Error: ENOENT: no such file or directory, open 'prompts/types/ShellResults.ts'"}
{"level":"error","message":"something went wrong in load_context Error: ENOENT: no such file or directory, open 'prompts/coding_tasks_prompts.md'"}
{"level":"error","message":"something went wrong in load_context Error: ENOENT: no such file or directory, open 'prompts/chat_prompts.md'"}
{"level":"error","message":"something went wrong in load_context Error: ENOENT: no such file or directory, open 'prompts/coding_tasks_prompts.md'"}
{"level":"error","message":"something went wrong in load_context Error: ENOENT: no such file or directory, open 'prompts/types/ApiToolChain.ts'"}
{"level":"error","message":"something went wrong in load_context Error: ENOENT: no such file or directory, open 'prompts/karpathy_guidelines_prompts.md'"}
{"level":"error","message":"something went wrong in load_context Error: ENOENT: no such file or directory, open 'prompts/shell_executor_prompts.md'"}
{"level":"error","message":"something went wrong in load_context Error: ENOENT: no such file or directory, open 'prompts/types/ShellExecutor.ts'"}
{"level":"error","message":"something went wrong in load_context Error: ENOENT: no such file or directory, open 'prompts/types/ShellBranch.ts'"}
{"level":"error","message":"something went wrong in load_context Error: ENOENT: no such file or directory, open 'prompts/shell_executor_branch_prompts.md'"}
{"level":"error","message":"something went wrong in load_context Error: ENOENT: no such file or directory, open 'prompts/shell_executor_branch_simplifier.md'"}
{"level":"error","message":"something went wrong in load_context Error: ENOENT: no such file or directory, open 'prompts/shell_results_analyzer_prompts.md'"}
{"level":"error","message":"something went wrong in load_context Error: ENOENT: no such file or directory, open 'prompts/types/ShellResults.ts'"}
{"level":"error","message":"something went wrong in load_context Error: ENOENT: no such file or directory, open 'prompts/execution_prompts.md'"}
{"level":"error","message":"something went wrong in load_context Error: ENOENT: no such file or directory, open 'prompts/tool_narrower.md'"}
{"level":"error","message":"something went wrong in load_context Error: ENOENT: no such file or directory, open 'prompts/chat_prompts.md'"}
{"level":"error","message":"something went wrong in load_context Error: ENOENT: no such file or directory, open 'prompts/coding_tasks_prompts.md'"}
{"level":"error","message":"something went wrong in load_context Error: ENOENT: no such file or directory, open 'prompts/types/ApiToolChain.ts'"}
{"level":"error","message":"something went wrong in load_context Error: ENOENT: no such file or directory, open 'prompts/karpathy_guidelines_prompts.md'"}
{"level":"error","message":"something went wrong in load_context Error: ENOENT: no such file or directory, open 'prompts/shell_executor_prompts.md'"}
{"level":"error","message":"something went wrong in load_context Error: ENOENT: no such file or directory, open 'prompts/types/ShellExecutor.ts'"}
{"level":"error","message":"something went wrong in load_context Error: ENOENT: no such file or directory, open 'prompts/types/ShellBranch.ts'"}
{"level":"error","message":"something went wrong in load_context Error: ENOENT: no such file or directory, open 'prompts/shell_executor_branch_prompts.md'"}
{"level":"error","message":"something went wrong in load_context Error: ENOENT: no such file or directory, open 'prompts/shell_executor_branch_simplifier.md'"}
{"level":"error","message":"something went wrong in load_context Error: ENOENT: no such file or directory, open 'prompts/shell_results_analyzer_prompts.md'"}
{"level":"error","message":"something went wrong in load_context Error: ENOENT: no such file or directory, open 'prompts/types/ShellResults.ts'"}
{"level":"error","message":"something went wrong in load_context Error: ENOENT: no such file or directory, open 'prompts/execution_prompts.md'"}
{"level":"error","message":"something went wrong in load_context Error: ENOENT: no such file or directory, open 'prompts/tool_narrower.md'"}
{"level":"error","message":"something went wrong in load_context Error: ENOENT: no such file or directory, open 'prompts/chat_prompts.md'"}
{"level":"error","message":"something went wrong in call_llm: TypeError: fetch failed"}
{"level":"error","message":"something went wrong in call_llm: TypeError: fetch failed"}
{"level":"error","message":"something went wrong in call_llm: TypeError: fetch failed"}
{"level":"error","message":"something went wrong in call_llm: TypeError: fetch failed"}
{"level":"error","message":"something went wrong in call_llm: TypeError: fetch failed"}
{"level":"error","message":"something went wrong in call_llm: TypeError: fetch failed"}
{"level":"error","message":"something went wrong in call_llm: TypeError: fetch failed"}
{"level":"error","message":"something went wrong in call_llm: TypeError: fetch failed"}
{"level":"error","message":"something went wrong in call_llm: {}"}
{"level":"error","message":"something went wrong in call_llm: {}"}
{"level":"error","message":"something went wrong in call_llm: {}"}
{"level":"error","message":"something went wrong in load_context Error: ENOENT: no such file or directory, open '/app/dist/prompts/tool_narrower.md'"}
{"level":"error","message":"something went wrong in load_context Error: ENOENT: no such file or directory, open '/app/dist/prompts/coding_tasks_prompts.md'"}
{"level":"error","message":"something went wrong in load_context Error: ENOENT: no such file or directory, open '/app/dist/prompts/execution_prompts.md'"}
{"level":"error","message":"something went wrong in load_context Error: ENOENT: no such file or directory, open '/app/dist/prompts/karpathy_guidelines_prompts.md'"}
{"level":"error","message":"something went wrong in load_context Error: ENOENT: no such file or directory, open '/app/dist/prompts/types/ApiToolChain.ts'"}
{"level":"error","message":"something went wrong in load_context Error: ENOENT: no such file or directory, open '/app/dist/prompts/shell_executor_prompts.md'"}
{"level":"error","message":"something went wrong in load_context Error: ENOENT: no such file or directory, open '/app/dist/prompts/chat_prompts.md'"}
{"level":"error","message":"something went wrong in load_context Error: ENOENT: no such file or directory, open '/app/dist/prompts/types/ShellExecutor.ts'"}
{"level":"error","message":"something went wrong in load_context Error: ENOENT: no such file or directory, open '/app/dist/prompts/shell_executor_branch_prompts.md'"}
{"level":"error","message":"something went wrong in load_context Error: ENOENT: no such file or directory, open '/app/dist/prompts/shell_executor_branch_simplifier.md'"}
{"level":"error","message":"something went wrong in load_context Error: ENOENT: no such file or directory, open '/app/dist/prompts/types/ShellBranch.ts'"}
{"level":"error","message":"something went wrong in load_context Error: ENOENT: no such file or directory, open '/app/dist/prompts/types/ShellResults.ts'"}
{"level":"error","message":"something went wrong in load_context Error: ENOENT: no such file or directory, open '/app/dist/prompts/shell_results_analyzer_prompts.md'"}
{"level":"error","message":"something went wrong in load_context Error: ENOENT: no such file or directory, open '/app/dist/prompts/coding_tasks_prompts.md'"}
{"level":"error","message":"something went wrong in load_context Error: ENOENT: no such file or directory, open '/app/dist/prompts/execution_prompts.md'"}
{"level":"error","message":"something went wrong in load_context Error: ENOENT: no such file or directory, open '/app/dist/prompts/chat_prompts.md'"}
{"level":"error","message":"something went wrong in load_context Error: ENOENT: no such file or directory, open '/app/dist/prompts/karpathy_guidelines_prompts.md'"}
{"level":"error","message":"something went wrong in load_context Error: ENOENT: no such file or directory, open '/app/dist/prompts/shell_executor_prompts.md'"}
{"level":"error","message":"something went wrong in load_context Error: ENOENT: no such file or directory, open '/app/dist/prompts/tool_narrower.md'"}
{"level":"error","message":"something went wrong in load_context Error: ENOENT: no such file or directory, open '/app/dist/prompts/types/ShellExecutor.ts'"}
{"level":"error","message":"something went wrong in load_context Error: ENOENT: no such file or directory, open '/app/dist/prompts/types/ApiToolChain.ts'"}
{"level":"error","message":"something went wrong in load_context Error: ENOENT: no such file or directory, open '/app/dist/prompts/shell_executor_branch_prompts.md'"}
{"level":"error","message":"something went wrong in load_context Error: ENOENT: no such file or directory, open '/app/dist/prompts/shell_executor_branch_simplifier.md'"}
{"level":"error","message":"something went wrong in load_context Error: ENOENT: no such file or directory, open '/app/dist/prompts/types/ShellBranch.ts'"}
{"level":"error","message":"something went wrong in load_context Error: ENOENT: no such file or directory, open '/app/dist/prompts/shell_results_analyzer_prompts.md'"}
{"level":"error","message":"something went wrong in load_context Error: ENOENT: no such file or directory, open '/app/dist/prompts/types/ShellResults.ts'"}
{"level":"error","message":"something went wrong in load_context Error: ENOENT: no such file or directory, open '/app/dist/prompts/execution_prompts.md'"}
{"level":"error","message":"something went wrong in load_context Error: ENOENT: no such file or directory, open '/app/dist/prompts/tool_narrower.md'"}
{"level":"error","message":"something went wrong in load_context Error: ENOENT: no such file or directory, open '/app/dist/prompts/chat_prompts.md'"}
{"level":"error","message":"something went wrong in load_context Error: ENOENT: no such file or directory, open '/app/dist/prompts/coding_tasks_prompts.md'"}
{"level":"error","message":"something went wrong in load_context Error: ENOENT: no such file or directory, open '/app/dist/prompts/shell_executor_prompts.md'"}
{"level":"error","message":"something went wrong in load_context Error: ENOENT: no such file or directory, open '/app/dist/prompts/karpathy_guidelines_prompts.md'"}
{"level":"error","message":"something went wrong in load_context Error: ENOENT: no such file or directory, open '/app/dist/prompts/types/ShellBranch.ts'"}
{"level":"error","message":"something went wrong in load_context Error: ENOENT: no such file or directory, open '/app/dist/prompts/types/ApiToolChain.ts'"}
{"level":"error","message":"something went wrong in load_context Error: ENOENT: no such file or directory, open '/app/dist/prompts/shell_executor_branch_prompts.md'"}
{"level":"error","message":"something went wrong in load_context Error: ENOENT: no such file or directory, open '/app/dist/prompts/shell_executor_branch_simplifier.md'"}
{"level":"error","message":"something went wrong in load_context Error: ENOENT: no such file or directory, open '/app/dist/prompts/types/ShellExecutor.ts'"}
{"level":"error","message":"something went wrong in load_context Error: ENOENT: no such file or directory, open '/app/dist/prompts/shell_results_analyzer_prompts.md'"}
{"level":"error","message":"something went wrong in load_context Error: ENOENT: no such file or directory, open '/app/dist/prompts/types/ShellResults.ts'"}
{"level":"error","message":"something went wrong in load_context Error: ENOENT: no such file or directory, open '/app/dist/prompts/coding_tasks_prompts.md'"}
{"level":"error","message":"something went wrong in load_context Error: ENOENT: no such file or directory, open '/app/dist/prompts/execution_prompts.md'"}
{"level":"error","message":"something went wrong in load_context Error: ENOENT: no such file or directory, open '/app/dist/prompts/chat_prompts.md'"}
{"level":"error","message":"something went wrong in load_context Error: ENOENT: no such file or directory, open '/app/dist/prompts/tool_narrower.md'"}
{"level":"error","message":"something went wrong in load_context Error: ENOENT: no such file or directory, open '/app/dist/prompts/karpathy_guidelines_prompts.md'"}
{"level":"error","message":"something went wrong in load_context Error: ENOENT: no such file or directory, open '/app/dist/prompts/shell_executor_prompts.md'"}
{"level":"error","message":"something went wrong in load_context Error: ENOENT: no such file or directory, open '/app/dist/prompts/shell_executor_branch_prompts.md'"}
{"level":"error","message":"something went wrong in load_context Error: ENOENT: no such file or directory, open '/app/dist/prompts/types/ShellBranch.ts'"}
{"level":"error","message":"something went wrong in load_context Error: ENOENT: no such file or directory, open '/app/dist/prompts/types/ApiToolChain.ts'"}
{"level":"error","message":"something went wrong in load_context Error: ENOENT: no such file or directory, open '/app/dist/prompts/types/ShellExecutor.ts'"}
{"level":"error","message":"something went wrong in load_context Error: ENOENT: no such file or directory, open '/app/dist/prompts/shell_results_analyzer_prompts.md'"}
{"level":"error","message":"something went wrong in load_context Error: ENOENT: no such file or directory, open '/app/dist/prompts/shell_executor_branch_simplifier.md'"}
{"level":"error","message":"something went wrong in load_context Error: ENOENT: no such file or directory, open '/app/dist/prompts/types/ShellResults.ts'"}
{"level":"error","message":"something went wrong in load_context Error: ENOENT: no such file or directory, open '/app/dist/prompts/coding_tasks_prompts.md'"}
{"level":"error","message":"something went wrong in load_context Error: ENOENT: no such file or directory, open '/app/dist/prompts/tool_narrower.md'"}
{"level":"error","message":"something went wrong in load_context Error: ENOENT: no such file or directory, open '/app/dist/prompts/karpathy_guidelines_prompts.md'"}
{"level":"error","message":"something went wrong in load_context Error: ENOENT: no such file or directory, open '/app/dist/prompts/shell_executor_prompts.md'"}
{"level":"error","message":"something went wrong in load_context Error: ENOENT: no such file or directory, open '/app/dist/prompts/types/ApiToolChain.ts'"}
{"level":"error","message":"something went wrong in load_context Error: ENOENT: no such file or directory, open '/app/dist/prompts/types/ShellExecutor.ts'"}
{"level":"error","message":"something went wrong in load_context Error: ENOENT: no such file or directory, open '/app/dist/prompts/execution_prompts.md'"}
{"level":"error","message":"something went wrong in load_context Error: ENOENT: no such file or directory, open '/app/dist/prompts/chat_prompts.md'"}
{"level":"error","message":"something went wrong in load_context Error: ENOENT: no such file or directory, open '/app/dist/prompts/shell_executor_branch_prompts.md'"}
{"level":"error","message":"something went wrong in load_context Error: ENOENT: no such file or directory, open '/app/dist/prompts/shell_executor_branch_simplifier.md'"}
{"level":"error","message":"something went wrong in load_context Error: ENOENT: no such file or directory, open '/app/dist/prompts/shell_results_analyzer_prompts.md'"}
{"level":"error","message":"something went wrong in load_context Error: ENOENT: no such file or directory, open '/app/dist/prompts/types/ShellBranch.ts'"}
{"level":"error","message":"something went wrong in load_context Error: ENOENT: no such file or directory, open '/app/dist/prompts/types/ShellResults.ts'"}
{"level":"error","message":"something went wrong in load_context Error: ENOENT: no such file or directory, open '/app/dist/prompts/types/ApiToolChain.ts'"}
{"level":"error","message":"something went wrong in load_context Error: ENOENT: no such file or directory, open '/app/dist/prompts/types/ShellExecutor.ts'"}
{"level":"error","message":"something went wrong in load_context Error: ENOENT: no such file or directory, open '/app/dist/prompts/types/ShellBranch.ts'"}
{"level":"error","message":"something went wrong in load_context Error: ENOENT: no such file or directory, open '/app/dist/prompts/types/ShellResults.ts'"}
{"level":"error","message":"something went wrong in load_context Error: ENOENT: no such file or directory, open '/app/dist/prompts/types/ShellExecutor.ts'"}
{"level":"error","message":"something went wrong in load_context Error: ENOENT: no such file or directory, open '/app/dist/prompts/types/ApiToolChain.ts'"}
{"level":"error","message":"something went wrong in load_context Error: ENOENT: no such file or directory, open '/app/dist/prompts/types/ShellBranch.ts'"}
{"level":"error","message":"something went wrong in load_context Error: ENOENT: no such file or directory, open '/app/dist/prompts/types/ShellResults.ts'"}
{"level":"error","message":"something went wrong in load_context Error: ENOENT: no such file or directory, open '/app/dist/prompts/types/ApiToolChain.ts'"}
{"level":"error","message":"something went wrong in load_context Error: ENOENT: no such file or directory, open '/app/dist/prompts/types/ShellExecutor.ts'"}
{"level":"error","message":"something went wrong in load_context Error: ENOENT: no such file or directory, open '/app/dist/prompts/types/ShellBranch.ts'"}
{"level":"error","message":"something went wrong in load_context Error: ENOENT: no such file or directory, open '/app/dist/prompts/types/ShellResults.ts'"}
{"level":"error","message":"something went wrong in load_context Error: ENOENT: no such file or directory, open '/app/dist/prompts/types/ApiToolChain.ts'"}
{"level":"error","message":"something went wrong in load_context Error: ENOENT: no such file or directory, open '/app/dist/prompts/types/ShellExecutor.ts'"}
{"level":"error","message":"something went wrong in load_context Error: ENOENT: no such file or directory, open '/app/dist/prompts/types/ShellBranch.ts'"}
{"level":"error","message":"something went wrong in load_context Error: ENOENT: no such file or directory, open '/app/dist/prompts/types/ShellResults.ts'"}
{"level":"error","message":"something went wrong in load_context Error: ENOENT: no such file or directory, open '/app/dist/prompts/types/ApiToolChain.ts'"}
{"level":"error","message":"something went wrong in load_context Error: ENOENT: no such file or directory, open '/app/dist/prompts/types/ShellExecutor.ts'"}
{"level":"error","message":"something went wrong in load_context Error: ENOENT: no such file or directory, open '/app/dist/prompts/types/ShellBranch.ts'"}
{"level":"error","message":"something went wrong in load_context Error: ENOENT: no such file or directory, open '/app/dist/prompts/types/ShellResults.ts'"}
{"level":"error","message":"something went wrong in load_context Error: ENOENT: no such file or directory, open '/app/dist/prompts/types/ApiToolChain.ts'"}
{"level":"error","message":"something went wrong in load_context Error: ENOENT: no such file or directory, open '/app/dist/prompts/types/ShellExecutor.ts'"}
{"level":"error","message":"something went wrong in load_context Error: ENOENT: no such file or directory, open '/app/dist/prompts/types/ShellBranch.ts'"}
{"level":"error","message":"something went wrong in load_context Error: ENOENT: no such file or directory, open '/app/dist/prompts/types/ShellResults.ts'"}
{"level":"error","message":"something went wrong in load_context Error: ENOENT: no such file or directory, open '/app/dist/prompts/types/ApiToolChain.ts'"}
{"level":"error","message":"something went wrong in load_context Error: ENOENT: no such file or directory, open '/app/dist/prompts/types/ShellExecutor.ts'"}
{"level":"error","message":"something went wrong in load_context Error: ENOENT: no such file or directory, open '/app/dist/prompts/types/ShellBranch.ts'"}
{"level":"error","message":"something went wrong in load_context Error: ENOENT: no such file or directory, open '/app/dist/prompts/types/ShellResults.ts'"}
{"level":"error","message":"something went wrong in load_context Error: ENOENT: no such file or directory, open '/app/dist/prompts/types/ApiToolChain.ts'"}
{"level":"error","message":"something went wrong in load_context Error: ENOENT: no such file or directory, open '/app/dist/prompts/types/ShellExecutor.ts'"}
{"level":"error","message":"something went wrong in load_context Error: ENOENT: no such file or directory, open '/app/dist/prompts/types/ShellBranch.ts'"}
{"level":"error","message":"something went wrong in load_context Error: ENOENT: no such file or directory, open '/app/dist/prompts/types/ShellResults.ts'"}
{"level":"error","message":"something went wrong in load_context Error: ENOENT: no such file or directory, open '/app/dist/prompts/types/ApiToolChain.ts'"}
{"level":"error","message":"something went wrong in load_context Error: ENOENT: no such file or directory, open '/app/dist/prompts/types/ShellExecutor.ts'"}
{"level":"error","message":"something went wrong in load_context Error: ENOENT: no such file or directory, open '/app/dist/prompts/types/ShellBranch.ts'"}
{"level":"error","message":"something went wrong in load_context Error: ENOENT: no such file or directory, open '/app/dist/prompts/types/ShellResults.ts'"}
{"level":"error","message":"something went wrong in load_context Error: ENOENT: no such file or directory, open '/app/dist/prompts/types/ApiToolChain.ts'"}
{"level":"error","message":"something went wrong in load_context Error: ENOENT: no such file or directory, open '/app/dist/prompts/types/ShellExecutor.ts'"}
{"level":"error","message":"something went wrong in load_context Error: ENOENT: no such file or directory, open '/app/dist/prompts/types/ShellBranch.ts'"}
{"level":"error","message":"something went wrong in load_context Error: ENOENT: no such file or directory, open '/app/dist/prompts/types/ShellResults.ts'"}
{"level":"error","message":"something went wrong in load_context Error: ENOENT: no such file or directory, open '/app/dist/prompts/types/ApiToolChain.ts'"}
{"level":"error","message":"something went wrong in load_context Error: ENOENT: no such file or directory, open '/app/dist/prompts/types/ShellExecutor.ts'"}
{"level":"error","message":"something went wrong in load_context Error: ENOENT: no such file or directory, open '/app/dist/prompts/types/ShellBranch.ts'"}
{"level":"error","message":"something went wrong in load_context Error: ENOENT: no such file or directory, open '/app/dist/prompts/types/ShellResults.ts'"}
{"level":"error","message":"something went wrong in load_context Error: ENOENT: no such file or directory, open '/app/dist/prompts/types/ShellExecutor.ts'"}
{"level":"error","message":"something went wrong in load_context Error: ENOENT: no such file or directory, open '/app/dist/prompts/types/ShellBranch.ts'"}
{"level":"error","message":"something went wrong in load_context Error: ENOENT: no such file or directory, open '/app/dist/prompts/types/ApiToolChain.ts'"}
{"level":"error","message":"something went wrong in load_context Error: ENOENT: no such file or directory, open '/app/dist/prompts/types/ShellResults.ts'"}
{"level":"error","message":"something went wrong in load_context Error: ENOENT: no such file or directory, open '/app/dist/prompts/types/ApiToolChain.ts'"}
{"level":"error","message":"something went wrong in load_context Error: ENOENT: no such file or directory, open '/app/dist/prompts/types/ShellExecutor.ts'"}
{"level":"error","message":"something went wrong in load_context Error: ENOENT: no such file or directory, open '/app/dist/prompts/types/ShellBranch.ts'"}
{"level":"error","message":"something went wrong in load_context Error: ENOENT: no such file or directory, open '/app/dist/prompts/types/ShellResults.ts'"}
{"level":"error","message":"something went wrong in load_context Error: ENOENT: no such file or directory, open '/app/dist/prompts/types/ShellExecutor.ts'"}
{"level":"error","message":"something went wrong in load_context Error: ENOENT: no such file or directory, open '/app/dist/prompts/types/ApiToolChain.ts'"}
{"level":"error","message":"something went wrong in load_context Error: ENOENT: no such file or directory, open '/app/dist/prompts/types/ShellBranch.ts'"}
{"level":"error","message":"something went wrong in load_context Error: ENOENT: no such file or directory, open '/app/dist/prompts/types/ShellResults.ts'"}
{"level":"error","message":"something went wrong in load_context Error: ENOENT: no such file or directory, open '/app/dist/prompts/types/ApiToolChain.ts'"}
{"level":"error","message":"something went wrong in load_context Error: ENOENT: no such file or directory, open '/app/dist/prompts/types/ShellExecutor.ts'"}
{"level":"error","message":"something went wrong in load_context Error: ENOENT: no such file or directory, open '/app/dist/prompts/types/ShellBranch.ts'"}
{"level":"error","message":"something went wrong in load_context Error: ENOENT: no such file or directory, open '/app/dist/prompts/types/ShellResults.ts'"}
{"level":"error","message":"something went wrong in load_context Error: ENOENT: no such file or directory, open '/app/dist/prompts/types/ApiToolChain.ts'"}
{"level":"error","message":"something went wrong in load_context Error: ENOENT: no such file or directory, open '/app/dist/prompts/types/ShellExecutor.ts'"}
{"level":"error","message":"something went wrong in load_context Error: ENOENT: no such file or directory, open '/app/dist/prompts/types/ShellBranch.ts'"}
{"level":"error","message":"something went wrong in load_context Error: ENOENT: no such file or directory, open '/app/dist/prompts/types/ShellResults.ts'"}
{"level":"error","message":"something went wrong in load_context Error: ENOENT: no such file or directory, open '/app/dist/prompts/types/ApiToolChain.ts'"}
{"level":"error","message":"something went wrong in load_context Error: ENOENT: no such file or directory, open '/app/dist/prompts/types/ShellExecutor.ts'"}
{"level":"error","message":"something went wrong in load_context Error: ENOENT: no such file or directory, open '/app/dist/prompts/types/ShellBranch.ts'"}
{"level":"error","message":"something went wrong in load_context Error: ENOENT: no such file or directory, open '/app/dist/prompts/types/ShellResults.ts'"}
{"level":"error","message":"something went wrong in load_context ReferenceError: __dirname is not defined"}
{"level":"error","message":"something went wrong in load_context ReferenceError: __dirname is not defined"}
{"level":"error","message":"something went wrong in load_context ReferenceError: __dirname is not defined"}
{"level":"error","message":"something went wrong in load_context ReferenceError: __dirname is not defined"}
{"level":"error","message":"something went wrong in load_context ReferenceError: __dirname is not defined"}
{"level":"error","message":"something went wrong in load_context ReferenceError: __dirname is not defined"}
{"level":"error","message":"something went wrong in load_context ReferenceError: __dirname is not defined"}
{"level":"error","message":"something went wrong in load_context ReferenceError: __dirname is not defined"}
{"level":"error","message":"something went wrong in load_context ReferenceError: __dirname is not defined"}
{"level":"error","message":"something went wrong in load_context ReferenceError: __dirname is not defined"}
{"level":"error","message":"something went wrong in load_context ReferenceError: __dirname is not defined"}
{"level":"error","message":"something went wrong in load_context ReferenceError: __dirname is not defined"}
{"level":"error","message":"something went wrong in load_context ReferenceError: __dirname is not defined"}
{"level":"error","message":"something went wrong in load_context ReferenceError: __dirname is not defined"}
{"level":"error","message":"something went wrong in load_context ReferenceError: __dirname is not defined"}
{"level":"error","message":"something went wrong in load_context ReferenceError: __dirname is not defined"}
{"level":"error","message":"something went wrong in load_context ReferenceError: __dirname is not defined"}
{"level":"error","message":"something went wrong in load_context ReferenceError: __dirname is not defined"}
{"level":"error","message":"something went wrong in load_context ReferenceError: __dirname is not defined"}
{"level":"error","message":"something went wrong in load_context ReferenceError: __dirname is not defined"}
{"level":"error","message":"something went wrong in load_context ReferenceError: __dirname is not defined"}
{"level":"error","message":"something went wrong in load_context ReferenceError: __dirname is not defined"}
{"level":"error","message":"something went wrong in load_context ReferenceError: __dirname is not defined"}
{"level":"error","message":"something went wrong in load_context ReferenceError: __dirname is not defined"}
{"level":"error","message":"something went wrong in load_context ReferenceError: __dirname is not defined"}
{"level":"error","message":"something went wrong in load_context ReferenceError: __dirname is not defined"}
{"level":"error","message":"something went wrong in load_context ReferenceError: __dirname is not defined"}
{"level":"error","message":"something went wrong in load_context ReferenceError: __dirname is not defined"}
{"level":"error","message":"something went wrong in load_context ReferenceError: __dirname is not defined"}
{"level":"error","message":"something went wrong in load_context ReferenceError: __dirname is not defined"}
{"level":"error","message":"something went wrong in load_context ReferenceError: __dirname is not defined"}
{"level":"error","message":"something went wrong in load_context ReferenceError: __dirname is not defined"}
{"level":"error","message":"something went wrong in load_context ReferenceError: __dirname is not defined"}
{"level":"error","message":"something went wrong in load_context ReferenceError: __dirname is not defined"}
{"level":"error","message":"something went wrong in load_context ReferenceError: __dirname is not defined"}
{"level":"error","message":"something went wrong in load_context ReferenceError: __dirname is not defined"}
{"level":"error","message":"something went wrong in load_context ReferenceError: __dirname is not defined"}
{"level":"error","message":"something went wrong in load_context ReferenceError: __dirname is not defined"}
{"level":"error","message":"something went wrong in load_context ReferenceError: __dirname is not defined"}
{"level":"error","message":"something went wrong in load_context ReferenceError: __dirname is not defined"}
{"level":"error","message":"something went wrong in load_context ReferenceError: __dirname is not defined"}
{"level":"error","message":"something went wrong in load_context ReferenceError: __dirname is not defined"}
{"level":"error","message":"something went wrong in load_context ReferenceError: __dirname is not defined"}
{"level":"error","message":"something went wrong in load_context ReferenceError: __dirname is not defined"}
{"level":"error","message":"something went wrong in load_context ReferenceError: __dirname is not defined"}
{"level":"error","message":"something went wrong in load_context ReferenceError: __dirname is not defined"}
{"level":"error","message":"something went wrong in load_context ReferenceError: __dirname is not defined"}
{"level":"error","message":"something went wrong in load_context ReferenceError: __dirname is not defined"}
{"level":"error","message":"something went wrong in load_context ReferenceError: __dirname is not defined"}
{"level":"error","message":"something went wrong in load_context ReferenceError: __dirname is not defined"}
{"level":"error","message":"something went wrong in load_context ReferenceError: __dirname is not defined"}
{"level":"error","message":"something went wrong in load_context ReferenceError: __dirname is not defined"}
{"level":"error","message":"something went wrong in load_context ReferenceError: __dirname is not defined"}
{"level":"error","message":"something went wrong in load_context ReferenceError: __dirname is not defined"}
{"level":"error","message":"something went wrong in load_context ReferenceError: __dirname is not defined"}
{"level":"error","message":"something went wrong in load_context ReferenceError: __dirname is not defined"}
{"level":"error","message":"something went wrong in load_context ReferenceError: __dirname is not defined"}
{"level":"error","message":"something went wrong in load_context ReferenceError: __dirname is not defined"}
{"level":"error","message":"something went wrong in load_context ReferenceError: __dirname is not defined"}
{"level":"error","message":"something went wrong in load_context ReferenceError: __dirname is not defined"}
{"level":"error","message":"something went wrong in load_context ReferenceError: __dirname is not defined"}
{"level":"error","message":"something went wrong in load_context ReferenceError: __dirname is not defined"}
{"level":"error","message":"something went wrong in load_context ReferenceError: __dirname is not defined"}
{"level":"error","message":"something went wrong in load_context ReferenceError: __dirname is not defined"}
{"level":"error","message":"something went wrong in load_context ReferenceError: __dirname is not defined"}
{"level":"error","message":"something went wrong in load_context ReferenceError: __dirname is not defined"}
{"level":"error","message":"something went wrong in load_context ReferenceError: __dirname is not defined"}
{"level":"error","message":"something went wrong in load_context ReferenceError: __dirname is not defined"}
{"level":"error","message":"something went wrong in load_context ReferenceError: __dirname is not defined"}
{"level":"error","message":"something went wrong in load_context ReferenceError: __dirname is not defined"}
{"level":"error","message":"something went wrong in load_context ReferenceError: __dirname is not defined"}
{"level":"error","message":"something went wrong in load_context ReferenceError: __dirname is not defined"}
{"level":"error","message":"something went wrong in load_context ReferenceError: __dirname is not defined"}
{"level":"error","message":"something went wrong in load_context ReferenceError: __dirname is not defined"}
{"level":"error","message":"something went wrong in load_context ReferenceError: __dirname is not defined"}
{"level":"error","message":"something went wrong in load_context ReferenceError: __dirname is not defined"}
{"level":"error","message":"something went wrong in load_context ReferenceError: __dirname is not defined"}
{"level":"error","message":"something went wrong in load_context ReferenceError: __dirname is not defined"}
{"level":"error","message":"something went wrong in load_context Error: ENOENT: no such file or directory, open '/app/dist/prompts/types/ApiToolChain.ts'"}
{"level":"error","message":"something went wrong in load_context Error: ENOENT: no such file or directory, open '/app/dist/prompts/types/ShellExecutor.ts'"}
{"level":"error","message":"something went wrong in load_context Error: ENOENT: no such file or directory, open '/app/dist/prompts/types/ShellBranch.ts'"}
{"level":"error","message":"something went wrong in load_context Error: ENOENT: no such file or directory, open '/app/dist/prompts/types/ShellResults.ts'"}
{"level":"error","message":"something went wrong in load_context Error: ENOENT: no such file or directory, open '/app/dist/prompts/types/ApiToolChain.ts'"}
{"level":"error","message":"something went wrong in load_context Error: ENOENT: no such file or directory, open '/app/dist/prompts/types/ShellExecutor.ts'"}
{"level":"error","message":"something went wrong in load_context Error: ENOENT: no such file or directory, open '/app/dist/prompts/types/ShellBranch.ts'"}
{"level":"error","message":"something went wrong in load_context Error: ENOENT: no such file or directory, open '/app/dist/prompts/types/ShellResults.ts'"}
{"level":"error","message":"something went wrong in load_context Error: ENOENT: no such file or directory, open '/app/dist/prompts/types/ApiToolChain.ts'"}
{"level":"error","message":"something went wrong in load_context Error: ENOENT: no such file or directory, open '/app/dist/prompts/types/ShellExecutor.ts'"}
{"level":"error","message":"something went wrong in load_context Error: ENOENT: no such file or directory, open '/app/dist/prompts/types/ShellBranch.ts'"}
{"level":"error","message":"something went wrong in load_context Error: ENOENT: no such file or directory, open '/app/dist/prompts/types/ShellResults.ts'"}
{"level":"error","message":"something went wrong in load_context Error: ENOENT: no such file or directory, open '/app/dist/prompts/types/ApiToolChain.ts'"}
{"level":"error","message":"something went wrong in load_context Error: ENOENT: no such file or directory, open '/app/dist/prompts/types/ShellBranch.ts'"}
{"level":"error","message":"something went wrong in load_context Error: ENOENT: no such file or directory, open '/app/dist/prompts/types/ShellExecutor.ts'"}
{"level":"error","message":"something went wrong in load_context Error: ENOENT: no such file or directory, open '/app/dist/prompts/types/ShellResults.ts'"}
{"level":"error","message":"something went wrong in load_context Error: ENOENT: no such file or directory, open '/app/dist/prompts/types/ApiToolChain.ts'"}
{"level":"error","message":"something went wrong in load_context Error: ENOENT: no such file or directory, open '/app/dist/prompts/types/ShellExecutor.ts'"}
{"level":"error","message":"something went wrong in load_context Error: ENOENT: no such file or directory, open '/app/dist/prompts/types/ShellBranch.ts'"}
{"level":"error","message":"something went wrong in load_context Error: ENOENT: no such file or directory, open '/app/dist/prompts/types/ShellResults.ts'"}
{"level":"error","message":"something went wrong in load_context Error: ENOENT: no such file or directory, open '/app/dist/prompts/types/ApiToolChain.ts'"}
{"level":"error","message":"something went wrong in load_context Error: ENOENT: no such file or directory, open '/app/dist/prompts/types/ShellExecutor.ts'"}
{"level":"error","message":"something went wrong in load_context Error: ENOENT: no such file or directory, open '/app/dist/prompts/types/ShellBranch.ts'"}
{"level":"error","message":"something went wrong in load_context Error: ENOENT: no such file or directory, open '/app/dist/prompts/types/ShellResults.ts'"}
{"level":"error","message":"something went wrong in load_context Error: ENOENT: no such file or directory, open '/app/dist/prompts/types/ApiToolChain.ts'"}
{"level":"error","message":"something went wrong in load_context Error: ENOENT: no such file or directory, open '/app/dist/prompts/types/ShellExecutor.ts'"}
{"level":"error","message":"something went wrong in load_context Error: ENOENT: no such file or directory, open '/app/dist/prompts/types/ShellBranch.ts'"}
{"level":"error","message":"something went wrong in load_context Error: ENOENT: no such file or directory, open '/app/dist/prompts/types/ShellResults.ts'"}
{"level":"error","message":"something went wrong in load_context Error: ENOENT: no such file or directory, open '/app/dist/prompts/types/ApiToolChain.ts'"}
{"level":"error","message":"something went wrong in load_context Error: ENOENT: no such file or directory, open '/app/dist/prompts/types/ShellExecutor.ts'"}
{"level":"error","message":"something went wrong in load_context Error: ENOENT: no such file or directory, open '/app/dist/prompts/types/ShellBranch.ts'"}
{"level":"error","message":"something went wrong in load_context Error: ENOENT: no such file or directory, open '/app/dist/prompts/types/ShellResults.ts'"}
{"level":"error","message":"something went wrong in load_context Error: ENOENT: no such file or directory, open '/app/dist/prompts/types/ShellExecutor.ts'"}
{"level":"error","message":"something went wrong in load_context Error: ENOENT: no such file or directory, open '/app/dist/prompts/types/ApiToolChain.ts'"}
{"level":"error","message":"something went wrong in load_context Error: ENOENT: no such file or directory, open '/app/dist/prompts/types/ShellBranch.ts'"}
{"level":"error","message":"something went wrong in load_context Error: ENOENT: no such file or directory, open '/app/dist/prompts/types/ShellResults.ts'"}
{"level":"error","message":"something went wrong in load_context Error: ENOENT: no such file or directory, open '/app/dist/prompts/types/ApiToolChain.ts'"}
{"level":"error","message":"something went wrong in load_context Error: ENOENT: no such file or directory, open '/app/dist/prompts/types/ShellBranch.ts'"}
{"level":"error","message":"something went wrong in load_context Error: ENOENT: no such file or directory, open '/app/dist/prompts/types/ShellResults.ts'"}
{"level":"error","message":"something went wrong in load_context Error: ENOENT: no such file or directory, open '/app/dist/prompts/types/ShellExecutor.ts'"}
{"level":"error","message":"something went wrong in load_context Error: ENOENT: no such file or directory, open '/app/dist/prompts/types/ApiToolChain.ts'"}
{"level":"error","message":"something went wrong in load_context Error: ENOENT: no such file or directory, open '/app/dist/prompts/types/ShellBranch.ts'"}
{"level":"error","message":"something went wrong in load_context Error: ENOENT: no such file or directory, open '/app/dist/prompts/types/ShellExecutor.ts'"}
{"level":"error","message":"something went wrong in load_context Error: ENOENT: no such file or directory, open '/app/dist/prompts/types/ShellResults.ts'"}
{"level":"error","message":"something went wrong in load_context Error: ENOENT: no such file or directory, open '/app/dist/prompts/types/ApiToolChain.ts'"}
{"level":"error","message":"something went wrong in load_context Error: ENOENT: no such file or directory, open '/app/dist/prompts/types/ShellExecutor.ts'"}
{"level":"error","message":"something went wrong in load_context Error: ENOENT: no such file or directory, open '/app/dist/prompts/types/ShellBranch.ts'"}
{"level":"error","message":"something went wrong in load_context Error: ENOENT: no such file or directory, open '/app/dist/prompts/types/ShellResults.ts'"}
{"level":"error","message":"something went wrong in load_context Error: ENOENT: no such file or directory, open '/app/dist/prompts/types/ApiToolChain.ts'"}
{"level":"error","message":"something went wrong in load_context Error: ENOENT: no such file or directory, open '/app/dist/prompts/types/ShellExecutor.ts'"}
{"level":"error","message":"something went wrong in load_context Error: ENOENT: no such file or directory, open '/app/dist/prompts/types/ShellBranch.ts'"}
{"level":"error","message":"something went wrong in load_context Error: ENOENT: no such file or directory, open '/app/dist/prompts/types/ShellResults.ts'"}
{"level":"error","message":"something went wrong in load_context Error: ENOENT: no such file or directory, open '/app/dist/prompts/types/ApiToolChain.ts'"}
{"level":"error","message":"something went wrong in load_context Error: ENOENT: no such file or directory, open '/app/dist/prompts/types/ShellBranch.ts'"}
{"level":"error","message":"something went wrong in load_context Error: ENOENT: no such file or directory, open '/app/dist/prompts/types/ShellExecutor.ts'"}
{"level":"error","message":"something went wrong in load_context Error: ENOENT: no such file or directory, open '/app/dist/prompts/types/ShellResults.ts'"}
{"level":"error","message":"something went wrong in load_context Error: ENOENT: no such file or directory, open '/app/dist/prompts/types/ApiToolChain.ts'"}
{"level":"error","message":"something went wrong in load_context Error: ENOENT: no such file or directory, open '/app/dist/prompts/types/ShellExecutor.ts'"}
{"level":"error","message":"something went wrong in load_context Error: ENOENT: no such file or directory, open '/app/dist/prompts/types/ShellBranch.ts'"}
{"level":"error","message":"something went wrong in load_context Error: ENOENT: no such file or directory, open '/app/dist/prompts/types/ShellResults.ts'"}
{"level":"error","message":"something went wrong in load_context Error: ENOENT: no such file or directory, open '/app/dist/prompts/types/ApiToolChain.ts'"}
{"level":"error","message":"something went wrong in load_context Error: ENOENT: no such file or directory, open '/app/dist/prompts/types/ShellExecutor.ts'"}
{"level":"error","message":"something went wrong in load_context Error: ENOENT: no such file or directory, open '/app/dist/prompts/types/ShellBranch.ts'"}
{"level":"error","message":"something went wrong in load_context Error: ENOENT: no such file or directory, open '/app/dist/prompts/types/ShellResults.ts'"}
{"level":"error","message":"something went wrong in load_context Error: ENOENT: no such file or directory, open '/app/dist/prompts/types/ApiToolChain.ts'"}
{"level":"error","message":"something went wrong in load_context Error: ENOENT: no such file or directory, open '/app/dist/prompts/types/ShellExecutor.ts'"}
{"level":"error","message":"something went wrong in load_context Error: ENOENT: no such file or directory, open '/app/dist/prompts/types/ShellBranch.ts'"}
{"level":"error","message":"something went wrong in load_context Error: ENOENT: no such file or directory, open '/app/dist/prompts/types/ShellResults.ts'"}
{"level":"error","message":"something went wrong in load_context Error: ENOENT: no such file or directory, open '/app/dist/prompts/types/ApiToolChain.ts'"}
{"level":"error","message":"something went wrong in load_context Error: ENOENT: no such file or directory, open '/app/dist/prompts/types/ShellExecutor.ts'"}
{"level":"error","message":"something went wrong in load_context Error: ENOENT: no such file or directory, open '/app/dist/prompts/types/ShellBranch.ts'"}
{"level":"error","message":"something went wrong in load_context Error: ENOENT: no such file or directory, open '/app/dist/prompts/types/ShellResults.ts'"}
{"level":"error","message":"something went wrong in load_context Error: ENOENT: no such file or directory, open '/app/dist/prompts/types/ApiToolChain.ts'"}
{"level":"error","message":"something went wrong in load_context Error: ENOENT: no such file or directory, open '/app/dist/prompts/types/ShellExecutor.ts'"}
{"level":"error","message":"something went wrong in load_context Error: ENOENT: no such file or directory, open '/app/dist/prompts/types/ShellBranch.ts'"}
{"level":"error","message":"something went wrong in load_context Error: ENOENT: no such file or directory, open '/app/dist/prompts/types/ShellResults.ts'"}
{"level":"error","message":"something went wrong in load_context Error: ENOENT: no such file or directory, open '/app/dist/prompts/types/ApiToolChain.ts'"}
{"level":"error","message":"something went wrong in load_context Error: ENOENT: no such file or directory, open '/app/dist/prompts/types/ShellExecutor.ts'"}
{"level":"error","message":"something went wrong in load_context Error: ENOENT: no such file or directory, open '/app/dist/prompts/types/ShellBranch.ts'"}
{"level":"error","message":"something went wrong in load_context Error: ENOENT: no such file or directory, open '/app/dist/prompts/types/ShellResults.ts'"}
{"level":"error","message":"something went wrong in load_context Error: ENOENT: no such file or directory, open '/app/dist/prompts/types/ApiToolChain.ts'"}
{"level":"error","message":"something went wrong in load_context Error: ENOENT: no such file or directory, open '/app/dist/prompts/types/ShellExecutor.ts'"}
{"level":"error","message":"something went wrong in load_context Error: ENOENT: no such file or directory, open '/app/dist/prompts/types/ShellBranch.ts'"}
{"level":"error","message":"something went wrong in load_context Error: ENOENT: no such file or directory, open '/app/dist/prompts/types/ShellResults.ts'"}
{"level":"error","message":"something went wrong in load_context Error: ENOENT: no such file or directory, open '/app/dist/prompts/types/ApiToolChain.ts'"}
{"level":"error","message":"something went wrong in load_context Error: ENOENT: no such file or directory, open '/app/dist/prompts/types/ShellExecutor.ts'"}
{"level":"error","message":"something went wrong in load_context Error: ENOENT: no such file or directory, open '/app/dist/prompts/types/ShellBranch.ts'"}
{"level":"error","message":"something went wrong in load_context Error: ENOENT: no such file or directory, open '/app/dist/prompts/types/ShellResults.ts'"}
{"level":"error","message":"something went wrong in load_context Error: ENOENT: no such file or directory, open '/app/dist/prompts/types/ApiToolChain.ts'"}
{"level":"error","message":"something went wrong in load_context Error: ENOENT: no such file or directory, open '/app/dist/prompts/types/ShellExecutor.ts'"}
{"level":"error","message":"something went wrong in load_context Error: ENOENT: no such file or directory, open '/app/dist/prompts/types/ShellBranch.ts'"}
{"level":"error","message":"something went wrong in load_context Error: ENOENT: no such file or directory, open '/app/dist/prompts/types/ShellResults.ts'"}
{"level":"error","message":"something went wrong in load_context Error: ENOENT: no such file or directory, open '/app/dist/prompts/types/ApiToolChain.ts'"}
{"level":"error","message":"something went wrong in load_context Error: ENOENT: no such file or directory, open '/app/dist/prompts/types/ShellExecutor.ts'"}
{"level":"error","message":"something went wrong in load_context Error: ENOENT: no such file or directory, open '/app/dist/prompts/types/ShellBranch.ts'"}
{"level":"error","message":"something went wrong in load_context Error: ENOENT: no such file or directory, open '/app/dist/prompts/types/ShellResults.ts'"}
{"level":"error","message":"something went wrong in load_context Error: ENOENT: no such file or directory, open '/app/dist/prompts/types/ApiToolChain.ts'"}
{"level":"error","message":"something went wrong in load_context Error: ENOENT: no such file or directory, open '/app/dist/prompts/types/ShellExecutor.ts'"}
{"level":"error","message":"something went wrong in load_context Error: ENOENT: no such file or directory, open '/app/dist/prompts/types/ShellBranch.ts'"}
{"level":"error","message":"something went wrong in load_context Error: ENOENT: no such file or directory, open '/app/dist/prompts/types/ShellResults.ts'"}
{"level":"error","message":"something went wrong in redisSet: Error: could not find entry with id: *"}
{"level":"error","message":"something went wrong in load_context Error: ENOENT: no such file or directory, open '/app/dist/prompts/types/ApiToolChain.ts'"}
{"level":"error","message":"something went wrong in load_context Error: ENOENT: no such file or directory, open '/app/dist/prompts/types/ShellExecutor.ts'"}
{"level":"error","message":"something went wrong in load_context Error: ENOENT: no such file or directory, open '/app/dist/prompts/types/ShellBranch.ts'"}
{"level":"error","message":"something went wrong in load_context Error: ENOENT: no such file or directory, open '/app/dist/prompts/types/ShellResults.ts'"}
{"level":"error","message":"something went wrong in redisSet: Error: could not find entry with id: *"}
{"level":"error","message":"something went wrong in redisSet: Error: could not find entry with id: *"}
{"level":"error","message":"something went wrong in redisSet: Error: could not find entry with id: *"}
{"level":"error","message":"something went wrong in redisSet: Error: could not find entry with id: *"}
{"level":"error","message":"something went wrong in redisSet: Error: could not find entry with id: *"}
{"level":"error","message":"something went wrong in redisSet: Error: could not find entry with id: *"}
{"level":"error","message":"something went wrong in redisSet: Error: could not find entry with id: *"}
{"level":"error","message":"something went wrong in redisSet: Error: could not find entry with id: *"}
{"level":"error","message":"something went wrong in redisSet: Error: could not find entry with id: *"}
{"level":"error","message":"something went wrong in redisSet: Error: could not find entry with id: *"}
{"level":"error","message":"something went wrong in redisSet: Error: could not find entry with id: *"}
{"level":"error","message":"something went wrong in redisSet: Error: could not find entry with id: *"}
{"level":"error","message":"something went wrong in redisSet: Error: could not find entry with id: *"}
{"level":"error","message":"something went wrong in redisSet: Error: could not find entry with id: *"}
{"level":"error","message":"something went wrong in load_context Error: ENOENT: no such file or directory, open '/app/dist/prompts/types/ShellExecutor.ts'"}
{"level":"error","message":"something went wrong in load_context Error: ENOENT: no such file or directory, open '/app/dist/prompts/types/ShellBranch.ts'"}
{"level":"error","message":"something went wrong in load_context Error: ENOENT: no such file or directory, open '/app/dist/prompts/types/ApiToolChain.ts'"}
{"level":"error","message":"something went wrong in load_context Error: ENOENT: no such file or directory, open '/app/dist/prompts/types/ShellResults.ts'"}
{"level":"error","message":"something went wrong in redisSet: Error: could not find entry with id: *"}
{"level":"error","message":"something went wrong in redisSet: Error: could not find entry with id: *"}
{"level":"error","message":"something went wrong in redisSet: Error: could not find entry with id: *"}
{"level":"error","message":"something went wrong in redisSet: Error: could not find entry with id: *"}
{"level":"error","message":"something went wrong in redisSet: Error: could not find entry with id: *"}
{"level":"error","message":"something went wrong in load_context Error: ENOENT: no such file or directory, open '/app/dist/prompts/types/ApiToolChain.ts'"}
{"level":"error","message":"something went wrong in load_context Error: ENOENT: no such file or directory, open '/app/dist/prompts/types/ShellBranch.ts'"}
{"level":"error","message":"something went wrong in load_context Error: ENOENT: no such file or directory, open '/app/dist/prompts/types/ShellExecutor.ts'"}
{"level":"error","message":"something went wrong in load_context Error: ENOENT: no such file or directory, open '/app/dist/prompts/types/ShellResults.ts'"}
{"level":"error","message":"something went wrong in load_context Error: ENOENT: no such file or directory, open '/app/dist/prompts/types/ShellExecutor.ts'"}
{"level":"error","message":"something went wrong in load_context Error: ENOENT: no such file or directory, open '/app/dist/prompts/types/ApiToolChain.ts'"}
{"level":"error","message":"something went wrong in load_context Error: ENOENT: no such file or directory, open '/app/dist/prompts/types/ShellBranch.ts'"}
{"level":"error","message":"something went wrong in load_context Error: ENOENT: no such file or directory, open '/app/dist/prompts/types/ShellResults.ts'"}
{"level":"error","message":"something went wrong in redisGet: Error: could not find entry with id: *"}
{"level":"error","message":"something went wrong in redisGet: Error: could not find entry with id: *"}
{"level":"error","message":"something went wrong in redisGet: Error: could not find entry with id: *"}
{"level":"error","message":"something went wrong in redisGet: Error: could not find entry with id: *"}
{"level":"error","message":"something went wrong in redisGet: Error: could not find entry with id: *"}
{"level":"error","message":"something went wrong in redisGet: Error: could not find entry with id: *"}
{"level":"error","message":"something went wrong in load_context Error: ENOENT: no such file or directory, open '/app/dist/prompts/types/ApiToolChain.ts'"}
{"level":"error","message":"something went wrong in load_context Error: ENOENT: no such file or directory, open '/app/dist/prompts/types/ShellExecutor.ts'"}
{"level":"error","message":"something went wrong in load_context Error: ENOENT: no such file or directory, open '/app/dist/prompts/types/ShellBranch.ts'"}
{"level":"error","message":"something went wrong in load_context Error: ENOENT: no such file or directory, open '/app/dist/prompts/types/ShellResults.ts'"}
{"level":"error","message":"something went wrong in redisGet: Error: could not find entry with id: *"}
{"level":"error","message":"something went wrong in redisGet: Error: could not find entry with id: *"}
{"level":"error","message":"something went wrong in load_context Error: ENOENT: no such file or directory, open '/app/dist/prompts/types/ApiToolChain.ts'"}
{"level":"error","message":"something went wrong in load_context Error: ENOENT: no such file or directory, open '/app/dist/prompts/types/ShellExecutor.ts'"}
{"level":"error","message":"something went wrong in load_context Error: ENOENT: no such file or directory, open '/app/dist/prompts/types/ShellBranch.ts'"}
{"level":"error","message":"something went wrong in load_context Error: ENOENT: no such file or directory, open '/app/dist/prompts/types/ShellResults.ts'"}
{"level":"error","message":"something went wrong in load_context Error: ENOENT: no such file or directory, open '/app/dist/prompts/types/ApiToolChain.ts'"}
{"level":"error","message":"something went wrong in load_context Error: ENOENT: no such file or directory, open '/app/dist/prompts/types/ShellExecutor.ts'"}
{"level":"error","message":"something went wrong in load_context Error: ENOENT: no such file or directory, open '/app/dist/prompts/types/ShellBranch.ts'"}
{"level":"error","message":"something went wrong in load_context Error: ENOENT: no such file or directory, open '/app/dist/prompts/types/ShellResults.ts'"}
{"level":"error","message":"something went wrong in redisGet: Error: could not find entry with id: *"}
{"level":"error","message":"something went wrong in redisGet: Error: could not find entry with id: *"}
{"level":"error","message":"something went wrong in redisGet: Error: could not find entry with id: *"}
{"level":"error","message":"something went wrong in redisGet: Error: could not find entry with id: *"}
{"level":"error","message":"something went wrong in redisGet: Error: could not find entry with id: *"}
{"level":"error","message":"something went wrong in redisGet: Error: could not find entry with id: *"}
{"level":"error","message":"something went wrong in load_context Error: ENOENT: no such file or directory, open '/app/dist/prompts/types/ApiToolChain.ts'"}
{"level":"error","message":"something went wrong in load_context Error: ENOENT: no such file or directory, open '/app/dist/prompts/types/ShellExecutor.ts'"}
{"level":"error","message":"something went wrong in load_context Error: ENOENT: no such file or directory, open '/app/dist/prompts/types/ShellBranch.ts'"}
{"level":"error","message":"something went wrong in load_context Error: ENOENT: no such file or directory, open '/app/dist/prompts/types/ShellResults.ts'"}
{"level":"error","message":"something went wrong in load_context Error: ENOENT: no such file or directory, open '/app/dist/prompts/types/ApiToolChain.ts'"}
{"level":"error","message":"something went wrong in load_context Error: ENOENT: no such file or directory, open '/app/dist/prompts/types/ShellExecutor.ts'"}
{"level":"error","message":"something went wrong in load_context Error: ENOENT: no such file or directory, open '/app/dist/prompts/types/ShellBranch.ts'"}
{"level":"error","message":"something went wrong in load_context Error: ENOENT: no such file or directory, open '/app/dist/prompts/types/ShellResults.ts'"}
{"level":"error","message":"something went wrong in redisGet: Error: could not find entry with id: *"}
{"level":"error","message":"something went wrong in redisGet: Error: could not find entry with id: *"}
{"level":"error","message":"something went wrong in redisGet: Error: could not find entry with id: *"}
{"level":"error","message":"something went wrong in redisGet: Error: could not find entry with id: *"}
{"level":"error","message":"something went wrong in redisGet: Error: could not find entry with id: *"}
{"level":"error","message":"something went wrong in load_context Error: ENOENT: no such file or directory, open '/app/dist/prompts/types/ApiToolChain.ts'"}
{"level":"error","message":"something went wrong in load_context Error: ENOENT: no such file or directory, open '/app/dist/prompts/types/ShellExecutor.ts'"}
{"level":"error","message":"something went wrong in load_context Error: ENOENT: no such file or directory, open '/app/dist/prompts/types/ShellBranch.ts'"}
{"level":"error","message":"something went wrong in load_context Error: ENOENT: no such file or directory, open '/app/dist/prompts/types/ShellResults.ts'"}
{"level":"error","message":"something went wrong in redisGet: Error: could not find entries.."}
{"level":"error","message":"something went wrong in redisGet: Error: could not find entries.."}
{"level":"error","message":"something went wrong in redisGet: Error: could not find entries.."}
{"level":"error","message":"something went wrong in redisGet: Error: could not find entries.."}
{"level":"error","message":"something went wrong in redisGet: Error: could not find entries.."}
{"level":"error","message":"something went wrong in redisGet: Error: could not find entries.."}
{"level":"error","message":"something went wrong in redisGet: Error: could not find entries.."}
{"level":"error","message":"something went wrong in redisGet: Error: could not find entries.."}
{"level":"error","message":"something went wrong in redisGet: Error: could not find entries.."}
{"level":"error","message":"something went wrong in redisGet: Error: could not find entries.."}
{"level":"error","message":"something went wrong in redisGet: Error: could not find entries.."}
{"level":"error","message":"something went wrong in redisGet: Error: could not find entries.."}
{"level":"error","message":"something went wrong in redisGet: Error: could not find entries.."}
{"level":"error","message":"something went wrong in redisGet: Error: could not find entries.."}
{"level":"error","message":"something went wrong in redisGet: Error: could not find entries.."}
{"level":"error","message":"something went wrong in redisGet: Error: could not find entries.."}
{"level":"error","message":"something went wrong in redisGet: Error: could not find entries.."}
{"level":"error","message":"something went wrong in redisGet: Error: could not find entries.."}
{"level":"error","message":"something went wrong in redisGet: Error: could not find entries.."}
{"level":"error","message":"something went wrong in redisGet: Error: could not find entries.."}
{"level":"error","message":"something went wrong in redisGet: Error: could not find entries.."}
{"level":"error","message":"something went wrong in redisGet: Error: could not find entries.."}
{"level":"error","message":"something went wrong in redisGet: Error: could not find entries.."}
{"level":"error","message":"something went wrong in redisGet: Error: could not find entries.."}
{"level":"error","message":"something went wrong in redisGet: Error: could not find entries.."}
{"level":"error","message":"something went wrong in redisGet: Error: could not find entries.."}
{"level":"error","message":"something went wrong in redisGet: Error: could not find entries.."}
{"level":"error","message":"something went wrong in redisGet: Error: could not find entries.."}
{"level":"error","message":"something went wrong in redisGet: Error: could not find entries.."}
{"level":"error","message":"something went wrong in redisGet: Error: could not find entries.."}
{"level":"error","message":"something went wrong in redisGet: Error: could not find entries.."}
{"level":"error","message":"something went wrong in redisGet: Error: could not find entries.."}
{"level":"error","message":"something went wrong in redisGet: Error: could not find entries.."}
{"level":"error","message":"something went wrong in redisGet: Error: could not find entries.."}
{"level":"error","message":"something went wrong in redisGet: Error: could not find entries.."}
{"level":"error","message":"something went wrong in redisGet: Error: could not find entries.."}
{"level":"error","message":"something went wrong in redisGet: Error: could not find entries.."}
{"level":"error","message":"something went wrong in redisGet: Error: could not find entries.."}
{"level":"error","message":"something went wrong in redisGet: Error: could not find entries.."}
{"level":"error","message":"something went wrong in redisGet: Error: could not find entries.."}
{"level":"error","message":"something went wrong in redisGet: Error: could not find entries.."}
{"level":"error","message":"something went wrong in redisGet: Error: could not find entries.."}
{"level":"error","message":"something went wrong in redisGet: Error: could not find entries.."}
{"level":"error","message":"something went wrong in redisGet: Error: could not find entries.."}
{"level":"error","message":"something went wrong in redisGet: Error: could not find entries.."}
{"level":"error","message":"something went wrong in redisGet: Error: could not find entries.."}
{"level":"error","message":"something went wrong in redisGet: Error: could not find entries.."}
{"level":"error","message":"something went wrong in redisGet: Error: could not find entries.."}
{"level":"error","message":"something went wrong in redisGet: Error: could not find entries.."}
{"level":"error","message":"something went wrong in redisGet: Error: could not find entries.."}
{"level":"error","message":"something went wrong in redisGet: Error: could not find entries.."}
{"level":"error","message":"something went wrong in redisGet: Error: could not find entries.."}
{"level":"error","message":"something went wrong in redisGet: Error: could not find entries.."}
{"level":"error","message":"something went wrong in redisGet: Error: could not find entries.."}
{"level":"error","message":"something went wrong in redisGet: Error: could not find entries.."}
{"level":"error","message":"something went wrong in redisGet: Error: could not find entries.."}
{"level":"error","message":"something went wrong in redisGet: Error: could not find entries.."}
{"level":"error","message":"something went wrong in redisGet: Error: could not find entries.."}
{"level":"error","message":"something went wrong in redisGet: Error: could not find entries.."}
{"level":"error","message":"something went wrong in redisGet: Error: could not find entries.."}
{"level":"error","message":"something went wrong in redisGet: Error: could not find entries.."}
{"level":"error","message":"something went wrong in redisGet: Error: could not find entries.."}
{"level":"error","message":"something went wrong in redisGet: Error: could not find entries.."}
{"level":"error","message":"something went wrong in redisGet: Error: could not find entries.."}
{"level":"error","message":"something went wrong in redisGet: Error: could not find entries.."}
{"level":"error","message":"something went wrong in redisGet: Error: could not find entries.."}
{"level":"error","message":"something went wrong in redisGet: Error: could not find entries.."}
{"level":"error","message":"something went wrong in load_context Error: ENOENT: no such file or directory, open '/app/dist/prompts/types/ApiToolChain.ts'"}
{"level":"error","message":"something went wrong in load_context Error: ENOENT: no such file or directory, open '/app/dist/prompts/types/ShellExecutor.ts'"}
{"level":"error","message":"something went wrong in load_context Error: ENOENT: no such file or directory, open '/app/dist/prompts/types/ShellBranch.ts'"}
{"level":"error","message":"something went wrong in load_context Error: ENOENT: no such file or directory, open '/app/dist/prompts/types/ShellResults.ts'"}
{"level":"error","message":"something went wrong in load_context Error: ENOENT: no such file or directory, open '/app/dist/prompts/types/ApiToolChain.ts'"}
{"level":"error","message":"something went wrong in load_context Error: ENOENT: no such file or directory, open '/app/dist/prompts/types/ShellExecutor.ts'"}
{"level":"error","message":"something went wrong in load_context Error: ENOENT: no such file or directory, open '/app/dist/prompts/types/ShellBranch.ts'"}
{"level":"error","message":"something went wrong in load_context Error: ENOENT: no such file or directory, open '/app/dist/prompts/types/ShellResults.ts'"}
{"level":"error","message":"something went wrong in redisGet: Error: could not find entries.."}
{"level":"error","message":"something went wrong in redisGet: Error: could not find entries.."}
{"level":"error","message":"something went wrong in redisGet: Error: could not find entries.."}
{"level":"error","message":"something went wrong in load_context Error: ENOENT: no such file or directory, open '/app/dist/prompts/types/ApiToolChain.ts'"}
{"level":"error","message":"something went wrong in load_context Error: ENOENT: no such file or directory, open '/app/dist/prompts/types/ShellExecutor.ts'"}
{"level":"error","message":"something went wrong in load_context Error: ENOENT: no such file or directory, open '/app/dist/prompts/types/ShellBranch.ts'"}
{"level":"error","message":"something went wrong in load_context Error: ENOENT: no such file or directory, open '/app/dist/prompts/types/ShellResults.ts'"}
{"level":"error","message":"something went wrong in load_context Error: ENOENT: no such file or directory, open '/app/dist/prompts/types/ApiToolChain.ts'"}
{"level":"error","message":"something went wrong in load_context Error: ENOENT: no such file or directory, open '/app/dist/prompts/types/ShellExecutor.ts'"}
{"level":"error","message":"something went wrong in load_context Error: ENOENT: no such file or directory, open '/app/dist/prompts/types/ShellBranch.ts'"}
{"level":"error","message":"something went wrong in load_context Error: ENOENT: no such file or directory, open '/app/dist/prompts/types/ShellResults.ts'"}
{"level":"error","message":"something went wrong in load_context Error: ENOENT: no such file or directory, open '/app/dist/prompts/types/ApiToolChain.ts'"}
{"level":"error","message":"something went wrong in load_context Error: ENOENT: no such file or directory, open '/app/dist/prompts/types/ShellExecutor.ts'"}
{"level":"error","message":"something went wrong in load_context Error: ENOENT: no such file or directory, open '/app/dist/prompts/types/ShellBranch.ts'"}
{"level":"error","message":"something went wrong in load_context Error: ENOENT: no such file or directory, open '/app/dist/prompts/types/ShellResults.ts'"}
{"level":"error","message":"something went wrong in load_context Error: ENOENT: no such file or directory, open '/app/dist/prompts/types/ApiToolChain.ts'"}
{"level":"error","message":"something went wrong in load_context Error: ENOENT: no such file or directory, open '/app/dist/prompts/types/ShellExecutor.ts'"}
{"level":"error","message":"something went wrong in load_context Error: ENOENT: no such file or directory, open '/app/dist/prompts/types/ShellBranch.ts'"}
{"level":"error","message":"something went wrong in load_context Error: ENOENT: no such file or directory, open '/app/dist/prompts/types/ShellResults.ts'"}
{"level":"error","message":"something went wrong in load_context Error: ENOENT: no such file or directory, open '/app/dist/prompts/types/ApiToolChain.ts'"}
{"level":"error","message":"something went wrong in load_context Error: ENOENT: no such file or directory, open '/app/dist/prompts/types/ShellExecutor.ts'"}
{"level":"error","message":"something went wrong in load_context Error: ENOENT: no such file or directory, open '/app/dist/prompts/types/ShellBranch.ts'"}
{"level":"error","message":"something went wrong in load_context Error: ENOENT: no such file or directory, open '/app/dist/prompts/types/ShellResults.ts'"}
{"level":"error","message":"something went wrong in load_context Error: ENOENT: no such file or directory, open '/app/dist/prompts/types/ApiToolChain.ts'"}
{"level":"error","message":"something went wrong in load_context Error: ENOENT: no such file or directory, open '/app/dist/prompts/types/ShellExecutor.ts'"}
{"level":"error","message":"something went wrong in load_context Error: ENOENT: no such file or directory, open '/app/dist/prompts/types/ShellBranch.ts'"}
{"level":"error","message":"something went wrong in load_context Error: ENOENT: no such file or directory, open '/app/dist/prompts/types/ShellResults.ts'"}
{"level":"error","message":"something went wrong in load_context Error: ENOENT: no such file or directory, open '/app/dist/prompts/types/ApiToolChain.ts'"}
{"level":"error","message":"something went wrong in load_context Error: ENOENT: no such file or directory, open '/app/dist/prompts/types/ShellExecutor.ts'"}
{"level":"error","message":"something went wrong in load_context Error: ENOENT: no such file or directory, open '/app/dist/prompts/types/ShellBranch.ts'"}
{"level":"error","message":"something went wrong in load_context Error: ENOENT: no such file or directory, open '/app/dist/prompts/types/ShellResults.ts'"}
{"level":"error","message":"something went wrong in load_context Error: ENOENT: no such file or directory, open '/app/dist/prompts/types/ApiToolChain.ts'"}
{"level":"error","message":"something went wrong in load_context Error: ENOENT: no such file or directory, open '/app/dist/prompts/types/ShellExecutor.ts'"}
{"level":"error","message":"something went wrong in load_context Error: ENOENT: no such file or directory, open '/app/dist/prompts/types/ShellBranch.ts'"}
{"level":"error","message":"something went wrong in load_context Error: ENOENT: no such file or directory, open '/app/dist/prompts/types/ShellResults.ts'"}
{"level":"error","message":"something went wrong in load_context Error: ENOENT: no such file or directory, open '/app/dist/prompts/types/ApiToolChain.ts'"}
{"level":"error","message":"something went wrong in load_context Error: ENOENT: no such file or directory, open '/app/dist/prompts/types/ShellExecutor.ts'"}
{"level":"error","message":"something went wrong in load_context Error: ENOENT: no such file or directory, open '/app/dist/prompts/types/ShellBranch.ts'"}
{"level":"error","message":"something went wrong in load_context Error: ENOENT: no such file or directory, open '/app/dist/prompts/types/ShellResults.ts'"}
{"level":"error","message":"something went wrong in load_context Error: ENOENT: no such file or directory, open '/app/dist/prompts/types/ApiToolChain.ts'"}
{"level":"error","message":"something went wrong in load_context Error: ENOENT: no such file or directory, open '/app/dist/prompts/types/ShellExecutor.ts'"}
{"level":"error","message":"something went wrong in load_context Error: ENOENT: no such file or directory, open '/app/dist/prompts/types/ShellBranch.ts'"}
{"level":"error","message":"something went wrong in load_context Error: ENOENT: no such file or directory, open '/app/dist/prompts/types/ShellResults.ts'"}
{"level":"error","message":"something went wrong in load_context Error: ENOENT: no such file or directory, open '/app/dist/prompts/types/ApiToolChain.ts'"}
{"level":"error","message":"something went wrong in load_context Error: ENOENT: no such file or directory, open '/app/dist/prompts/types/ShellExecutor.ts'"}
{"level":"error","message":"something went wrong in load_context Error: ENOENT: no such file or directory, open '/app/dist/prompts/types/ShellBranch.ts'"}
{"level":"error","message":"something went wrong in load_context Error: ENOENT: no such file or directory, open '/app/dist/prompts/types/ShellResults.ts'"}
{"level":"error","message":"something went wrong in load_context Error: ENOENT: no such file or directory, open '/app/dist/prompts/types/ApiToolChain.ts'"}
{"level":"error","message":"something went wrong in load_context Error: ENOENT: no such file or directory, open '/app/dist/prompts/types/ShellExecutor.ts'"}
{"level":"error","message":"something went wrong in load_context Error: ENOENT: no such file or directory, open '/app/dist/prompts/types/ShellBranch.ts'"}
{"level":"error","message":"something went wrong in load_context Error: ENOENT: no such file or directory, open '/app/dist/prompts/types/ShellResults.ts'"}
{"level":"error","message":"something went wrong in load_context Error: ENOENT: no such file or directory, open '/app/dist/prompts/types/ApiToolChain.ts'"}
{"level":"error","message":"something went wrong in load_context Error: ENOENT: no such file or directory, open '/app/dist/prompts/types/ShellExecutor.ts'"}
{"level":"error","message":"something went wrong in load_context Error: ENOENT: no such file or directory, open '/app/dist/prompts/types/ShellBranch.ts'"}
{"level":"error","message":"something went wrong in load_context Error: ENOENT: no such file or directory, open '/app/dist/prompts/types/ShellResults.ts'"}
{"level":"error","message":"something went wrong in load_context Error: ENOENT: no such file or directory, open '/app/dist/prompts/types/ApiToolChain.ts'"}
{"level":"error","message":"something went wrong in load_context Error: ENOENT: no such file or directory, open '/app/dist/prompts/types/ShellExecutor.ts'"}
{"level":"error","message":"something went wrong in load_context Error: ENOENT: no such file or directory, open '/app/dist/prompts/types/ShellBranch.ts'"}
{"level":"error","message":"something went wrong in load_context Error: ENOENT: no such file or directory, open '/app/dist/prompts/types/ShellResults.ts'"}
{"level":"error","message":"something went wrong in load_context Error: ENOENT: no such file or directory, open '/app/dist/prompts/types/ApiToolChain.ts'"}
{"level":"error","message":"something went wrong in load_context Error: ENOENT: no such file or directory, open '/app/dist/prompts/types/ShellExecutor.ts'"}
{"level":"error","message":"something went wrong in load_context Error: ENOENT: no such file or directory, open '/app/dist/prompts/types/ShellBranch.ts'"}
{"level":"error","message":"something went wrong in load_context Error: ENOENT: no such file or directory, open '/app/dist/prompts/types/ShellResults.ts'"}
{"level":"error","message":"something went wrong in load_context Error: ENOENT: no such file or directory, open '/app/dist/prompts/types/ApiToolChain.ts'"}
{"level":"error","message":"something went wrong in load_context Error: ENOENT: no such file or directory, open '/app/dist/prompts/types/ShellExecutor.ts'"}
{"level":"error","message":"something went wrong in load_context Error: ENOENT: no such file or directory, open '/app/dist/prompts/types/ShellBranch.ts'"}
{"level":"error","message":"something went wrong in load_context Error: ENOENT: no such file or directory, open '/app/dist/prompts/types/ShellResults.ts'"}
{"level":"error","message":"something went wrong in load_context Error: ENOENT: no such file or directory, open '/app/dist/prompts/types/ApiToolChain.ts'"}
{"level":"error","message":"something went wrong in load_context Error: ENOENT: no such file or directory, open '/app/dist/prompts/types/ShellExecutor.ts'"}
{"level":"error","message":"something went wrong in load_context Error: ENOENT: no such file or directory, open '/app/dist/prompts/types/ShellBranch.ts'"}
{"level":"error","message":"something went wrong in load_context Error: ENOENT: no such file or directory, open '/app/dist/prompts/types/ShellResults.ts'"}
{"level":"error","message":"something went wrong in load_context Error: ENOENT: no such file or directory, open '/app/dist/prompts/types/ApiToolChain.ts'"}
{"level":"error","message":"something went wrong in load_context Error: ENOENT: no such file or directory, open '/app/dist/prompts/types/ShellExecutor.ts'"}
{"level":"error","message":"something went wrong in load_context Error: ENOENT: no such file or directory, open '/app/dist/prompts/types/ShellBranch.ts'"}
{"level":"error","message":"something went wrong in load_context Error: ENOENT: no such file or directory, open '/app/dist/prompts/types/ShellResults.ts'"}
{"level":"error","message":"something went wrong in load_context Error: ENOENT: no such file or directory, open '/app/dist/prompts/types/ApiToolChain.ts'"}
{"level":"error","message":"something went wrong in load_context Error: ENOENT: no such file or directory, open '/app/dist/prompts/types/ShellExecutor.ts'"}
{"level":"error","message":"something went wrong in load_context Error: ENOENT: no such file or directory, open '/app/dist/prompts/types/ShellBranch.ts'"}
{"level":"error","message":"something went wrong in load_context Error: ENOENT: no such file or directory, open '/app/dist/prompts/types/ShellResults.ts'"}
{"level":"error","message":"something went wrong in load_context Error: ENOENT: no such file or directory, open '/app/dist/prompts/types/ApiToolChain.ts'"}
{"level":"error","message":"something went wrong in load_context Error: ENOENT: no such file or directory, open '/app/dist/prompts/types/ShellExecutor.ts'"}
{"level":"error","message":"something went wrong in load_context Error: ENOENT: no such file or directory, open '/app/dist/prompts/types/ShellBranch.ts'"}
{"level":"error","message":"something went wrong in load_context Error: ENOENT: no such file or directory, open '/app/dist/prompts/types/ShellResults.ts'"}
{"level":"error","message":"something went wrong in load_context Error: ENOENT: no such file or directory, open '/app/dist/prompts/types/ApiToolChain.ts'"}
{"level":"error","message":"something went wrong in load_context Error: ENOENT: no such file or directory, open '/app/dist/prompts/types/ShellExecutor.ts'"}
{"level":"error","message":"something went wrong in load_context Error: ENOENT: no such file or directory, open '/app/dist/prompts/types/ShellBranch.ts'"}
{"level":"error","message":"something went wrong in load_context Error: ENOENT: no such file or directory, open '/app/dist/prompts/types/ShellResults.ts'"}
{"level":"error","message":"something went wrong in load_context Error: ENOENT: no such file or directory, open '/app/dist/prompts/types/ApiToolChain.ts'"}
{"level":"error","message":"something went wrong in load_context Error: ENOENT: no such file or directory, open '/app/dist/prompts/types/ShellExecutor.ts'"}
{"level":"error","message":"something went wrong in load_context Error: ENOENT: no such file or directory, open '/app/dist/prompts/types/ShellBranch.ts'"}
{"level":"error","message":"something went wrong in load_context Error: ENOENT: no such file or directory, open '/app/dist/prompts/types/ShellResults.ts'"}
{"level":"error","message":"something went wrong in load_context Error: ENOENT: no such file or directory, open '/app/dist/prompts/types/ApiToolChain.ts'"}
{"level":"error","message":"something went wrong in load_context Error: ENOENT: no such file or directory, open '/app/dist/prompts/types/ShellExecutor.ts'"}
{"level":"error","message":"something went wrong in load_context Error: ENOENT: no such file or directory, open '/app/dist/prompts/types/ShellBranch.ts'"}
{"level":"error","message":"something went wrong in load_context Error: ENOENT: no such file or directory, open '/app/dist/prompts/types/ShellResults.ts'"}
{"level":"error","message":"something went wrong in load_context Error: ENOENT: no such file or directory, open '/app/dist/prompts/types/ApiToolChain.ts'"}
{"level":"error","message":"something went wrong in load_context Error: ENOENT: no such file or directory, open '/app/dist/prompts/types/ShellExecutor.ts'"}
{"level":"error","message":"something went wrong in load_context Error: ENOENT: no such file or directory, open '/app/dist/prompts/types/ShellBranch.ts'"}
{"level":"error","message":"something went wrong in load_context Error: ENOENT: no such file or directory, open '/app/dist/prompts/types/ShellResults.ts'"}
{"level":"error","message":"something went wrong in load_context Error: ENOENT: no such file or directory, open '/app/dist/prompts/types/ApiToolChain.ts'"}
{"level":"error","message":"something went wrong in load_context Error: ENOENT: no such file or directory, open '/app/dist/prompts/types/ShellExecutor.ts'"}
{"level":"error","message":"something went wrong in load_context Error: ENOENT: no such file or directory, open '/app/dist/prompts/types/ShellBranch.ts'"}
{"level":"error","message":"something went wrong in load_context Error: ENOENT: no such file or directory, open '/app/dist/prompts/types/ShellResults.ts'"}
{"level":"error","message":"something went wrong in load_context Error: ENOENT: no such file or directory, open '/app/dist/prompts/types/ApiToolChain.ts'"}
{"level":"error","message":"something went wrong in load_context Error: ENOENT: no such file or directory, open '/app/dist/prompts/types/ShellExecutor.ts'"}
{"level":"error","message":"something went wrong in load_context Error: ENOENT: no such file or directory, open '/app/dist/prompts/types/ShellBranch.ts'"}
{"level":"error","message":"something went wrong in load_context Error: ENOENT: no such file or directory, open '/app/dist/prompts/types/ShellResults.ts'"}
{"level":"error","message":"something went wrong in load_context Error: ENOENT: no such file or directory, open '/app/dist/prompts/types/ApiToolChain.ts'"}
{"level":"error","message":"something went wrong in load_context Error: ENOENT: no such file or directory, open '/app/dist/prompts/types/ShellExecutor.ts'"}
{"level":"error","message":"something went wrong in load_context Error: ENOENT: no such file or directory, open '/app/dist/prompts/types/ShellBranch.ts'"}
{"level":"error","message":"something went wrong in load_context Error: ENOENT: no such file or directory, open '/app/dist/prompts/types/ShellResults.ts'"}
{"level":"error","message":"something went wrong in load_context Error: ENOENT: no such file or directory, open '/app/dist/prompts/types/ApiToolChain.ts'"}
{"level":"error","message":"something went wrong in load_context Error: ENOENT: no such file or directory, open '/app/dist/prompts/types/ShellExecutor.ts'"}
{"level":"error","message":"something went wrong in load_context Error: ENOENT: no such file or directory, open '/app/dist/prompts/types/ShellBranch.ts'"}
{"level":"error","message":"something went wrong in load_context Error: ENOENT: no such file or directory, open '/app/dist/prompts/types/ShellResults.ts'"}
{"level":"error","message":"something went wrong in load_context Error: ENOENT: no such file or directory, open '/app/dist/prompts/types/ApiToolChain.ts'"}
{"level":"error","message":"something went wrong in load_context Error: ENOENT: no such file or directory, open '/app/dist/prompts/types/ShellExecutor.ts'"}
{"level":"error","message":"something went wrong in load_context Error: ENOENT: no such file or directory, open '/app/dist/prompts/types/ShellBranch.ts'"}
{"level":"error","message":"something went wrong in load_context Error: ENOENT: no such file or directory, open '/app/dist/prompts/types/ShellResults.ts'"}
{"level":"error","message":"something went wrong in load_context Error: ENOENT: no such file or directory, open '/app/dist/prompts/types/ApiToolChain.ts'"}
{"level":"error","message":"something went wrong in load_context Error: ENOENT: no such file or directory, open '/app/dist/prompts/types/ShellExecutor.ts'"}
{"level":"error","message":"something went wrong in load_context Error: ENOENT: no such file or directory, open '/app/dist/prompts/types/ShellBranch.ts'"}
{"level":"error","message":"something went wrong in load_context Error: ENOENT: no such file or directory, open '/app/dist/prompts/types/ShellResults.ts'"}
{"level":"error","message":"something went wrong in load_context Error: ENOENT: no such file or directory, open '/app/dist/prompts/types/ApiToolChain.ts'"}
{"level":"error","message":"something went wrong in load_context Error: ENOENT: no such file or directory, open '/app/dist/prompts/types/ShellExecutor.ts'"}
{"level":"error","message":"something went wrong in load_context Error: ENOENT: no such file or directory, open '/app/dist/prompts/types/ShellBranch.ts'"}
{"level":"error","message":"something went wrong in load_context Error: ENOENT: no such file or directory, open '/app/dist/prompts/types/ShellResults.ts'"}
{"level":"error","message":"something went wrong in load_context Error: ENOENT: no such file or directory, open '/app/dist/prompts/types/ApiToolChain.ts'"}
{"level":"error","message":"something went wrong in load_context Error: ENOENT: no such file or directory, open '/app/dist/prompts/types/ShellExecutor.ts'"}
{"level":"error","message":"something went wrong in load_context Error: ENOENT: no such file or directory, open '/app/dist/prompts/types/ShellBranch.ts'"}
{"level":"error","message":"something went wrong in load_context Error: ENOENT: no such file or directory, open '/app/dist/prompts/types/ShellResults.ts'"}
{"level":"error","message":"something went wrong in load_context Error: ENOENT: no such file or directory, open '/app/dist/prompts/types/ApiToolChain.ts'"}
{"level":"error","message":"something went wrong in load_context Error: ENOENT: no such file or directory, open '/app/dist/prompts/types/ShellExecutor.ts'"}
{"level":"error","message":"something went wrong in load_context Error: ENOENT: no such file or directory, open '/app/dist/prompts/types/ShellBranch.ts'"}
{"level":"error","message":"something went wrong in load_context Error: ENOENT: no such file or directory, open '/app/dist/prompts/types/ShellResults.ts'"}
{"level":"error","message":"something went wrong in redisGet: Error: could not find entries.."}
{"level":"error","message":"something went wrong in redisGet: Error: could not find entries.."}
{"level":"error","message":"something went wrong in redisGet: Error: could not find entries.."}
{"level":"error","message":"something went wrong in redisGet: Error: could not find entries.."}
{"level":"error","message":"something went wrong in redisGet: Error: could not find entries.."}
{"level":"error","message":"something went wrong in redisGet: Error: could not find entries.."}
{"level":"error","message":"something went wrong in redisGet: Error: could not find entries.."}
{"level":"error","message":"something went wrong in load_context Error: ENOENT: no such file or directory, open '/app/dist/prompts/types/ApiToolChain.ts'"}
{"level":"error","message":"something went wrong in load_context Error: ENOENT: no such file or directory, open '/app/dist/prompts/types/ShellExecutor.ts'"}
{"level":"error","message":"something went wrong in load_context Error: ENOENT: no such file or directory, open '/app/dist/prompts/types/ShellBranch.ts'"}
{"level":"error","message":"something went wrong in load_context Error: ENOENT: no such file or directory, open '/app/dist/prompts/types/ShellResults.ts'"}
{"level":"error","message":"something went wrong in load_context Error: ENOENT: no such file or directory, open '/app/dist/prompts/types/ApiToolChain.ts'"}
{"level":"error","message":"something went wrong in load_context Error: ENOENT: no such file or directory, open '/app/dist/prompts/types/ShellExecutor.ts'"}
{"level":"error","message":"something went wrong in load_context Error: ENOENT: no such file or directory, open '/app/dist/prompts/types/ShellBranch.ts'"}
{"level":"error","message":"something went wrong in load_context Error: ENOENT: no such file or directory, open '/app/dist/prompts/types/ShellResults.ts'"}
{"level":"error","message":"something went wrong in load_context Error: ENOENT: no such file or directory, open '/app/dist/prompts/types/ApiToolChain.ts'"}
{"level":"error","message":"something went wrong in load_context Error: ENOENT: no such file or directory, open '/app/dist/prompts/types/ShellExecutor.ts'"}
{"level":"error","message":"something went wrong in load_context Error: ENOENT: no such file or directory, open '/app/dist/prompts/types/ShellBranch.ts'"}
{"level":"error","message":"something went wrong in load_context Error: ENOENT: no such file or directory, open '/app/dist/prompts/types/ShellResults.ts'"}
{"level":"error","message":"something went wrong in load_context Error: ENOENT: no such file or directory, open '/app/dist/prompts/types/ApiToolChain.ts'"}
{"level":"error","message":"something went wrong in load_context Error: ENOENT: no such file or directory, open '/app/dist/prompts/types/ShellExecutor.ts'"}
{"level":"error","message":"something went wrong in load_context Error: ENOENT: no such file or directory, open '/app/dist/prompts/types/ShellBranch.ts'"}
{"level":"error","message":"something went wrong in load_context Error: ENOENT: no such file or directory, open '/app/dist/prompts/types/ShellResults.ts'"}
{"level":"error","message":"something went wrong in load_context Error: ENOENT: no such file or directory, open '/app/dist/prompts/types/ApiToolChain.ts'"}
{"level":"error","message":"something went wrong in load_context Error: ENOENT: no such file or directory, open '/app/dist/prompts/types/ShellExecutor.ts'"}
{"level":"error","message":"something went wrong in load_context Error: ENOENT: no such file or directory, open '/app/dist/prompts/types/ShellBranch.ts'"}
{"level":"error","message":"something went wrong in load_context Error: ENOENT: no such file or directory, open '/app/dist/prompts/types/ShellResults.ts'"}
{"level":"error","message":"something went wrong in load_context Error: ENOENT: no such file or directory, open '/app/dist/prompts/types/ApiToolChain.ts'"}
{"level":"error","message":"something went wrong in load_context Error: ENOENT: no such file or directory, open '/app/dist/prompts/types/ShellExecutor.ts'"}
{"level":"error","message":"something went wrong in load_context Error: ENOENT: no such file or directory, open '/app/dist/prompts/types/ShellBranch.ts'"}
{"level":"error","message":"something went wrong in load_context Error: ENOENT: no such file or directory, open '/app/dist/prompts/types/ShellResults.ts'"}
{"level":"error","message":"something went wrong in load_context Error: ENOENT: no such file or directory, open '/app/dist/prompts/types/ApiToolChain.ts'"}
{"level":"error","message":"something went wrong in load_context Error: ENOENT: no such file or directory, open '/app/dist/prompts/types/ShellExecutor.ts'"}
{"level":"error","message":"something went wrong in load_context Error: ENOENT: no such file or directory, open '/app/dist/prompts/types/ShellBranch.ts'"}
{"level":"error","message":"something went wrong in load_context Error: ENOENT: no such file or directory, open '/app/dist/prompts/types/ShellResults.ts'"}
{"level":"error","message":"something went wrong in TaskWorker:run_agents: TypeError: result.get is not a function"}
{"level":"error","message":"something went wrong in TaskWorker:run_agents: TypeError: result.get is not a function"}
{"level":"error","message":"something went wrong in load_context Error: ENOENT: no such file or directory, open '/app/dist/prompts/types/ApiToolChain.ts'"}
{"level":"error","message":"something went wrong in load_context Error: ENOENT: no such file or directory, open '/app/dist/prompts/types/ShellExecutor.ts'"}
{"level":"error","message":"something went wrong in load_context Error: ENOENT: no such file or directory, open '/app/dist/prompts/types/ShellBranch.ts'"}
{"level":"error","message":"something went wrong in load_context Error: ENOENT: no such file or directory, open '/app/dist/prompts/types/ShellResults.ts'"}
{"level":"error","message":"something went wrong in load_context Error: ENOENT: no such file or directory, open '/app/dist/prompts/types/ApiToolChain.ts'"}
{"level":"error","message":"something went wrong in load_context Error: ENOENT: no such file or directory, open '/app/dist/prompts/types/ShellExecutor.ts'"}
{"level":"error","message":"something went wrong in load_context Error: ENOENT: no such file or directory, open '/app/dist/prompts/types/ShellBranch.ts'"}
{"level":"error","message":"something went wrong in load_context Error: ENOENT: no such file or directory, open '/app/dist/prompts/types/ShellResults.ts'"}
{"level":"error","message":"something went wrong in redisGet: Error: could not find entries.."}
{"level":"error","message":"something went wrong in load_context Error: ENOENT: no such file or directory, open '/app/dist/prompts/types/ApiToolChain.ts'"}
{"level":"error","message":"something went wrong in load_context Error: ENOENT: no such file or directory, open '/app/dist/prompts/types/ShellExecutor.ts'"}
{"level":"error","message":"something went wrong in load_context Error: ENOENT: no such file or directory, open '/app/dist/prompts/types/ShellBranch.ts'"}
{"level":"error","message":"something went wrong in load_context Error: ENOENT: no such file or directory, open '/app/dist/prompts/types/ShellResults.ts'"}
{"level":"error","message":"something went wrong in load_context Error: ENOENT: no such file or directory, open '/app/dist/prompts/types/ApiToolChain.ts'"}
{"level":"error","message":"something went wrong in load_context Error: ENOENT: no such file or directory, open '/app/dist/prompts/types/ShellExecutor.ts'"}
{"level":"error","message":"something went wrong in load_context Error: ENOENT: no such file or directory, open '/app/dist/prompts/types/ShellBranch.ts'"}
{"level":"error","message":"something went wrong in load_context Error: ENOENT: no such file or directory, open '/app/dist/prompts/types/ShellResults.ts'"}
{"level":"error","message":"something went wrong in load_context Error: ENOENT: no such file or directory, open '/app/dist/prompts/types/ApiToolChain.ts'"}
{"level":"error","message":"something went wrong in load_context Error: ENOENT: no such file or directory, open '/app/dist/prompts/types/ShellExecutor.ts'"}
{"level":"error","message":"something went wrong in load_context Error: ENOENT: no such file or directory, open '/app/dist/prompts/types/ShellBranch.ts'"}
{"level":"error","message":"something went wrong in load_context Error: ENOENT: no such file or directory, open '/app/dist/prompts/types/ShellResults.ts'"}
{"level":"error","message":"something went wrong in load_context Error: ENOENT: no such file or directory, open '/app/dist/prompts/types/ApiToolChain.ts'"}
{"level":"error","message":"something went wrong in load_context Error: ENOENT: no such file or directory, open '/app/dist/prompts/types/ShellExecutor.ts'"}
{"level":"error","message":"something went wrong in load_context Error: ENOENT: no such file or directory, open '/app/dist/prompts/types/ShellBranch.ts'"}
{"level":"error","message":"something went wrong in load_context Error: ENOENT: no such file or directory, open '/app/dist/prompts/types/ShellResults.ts'"}
{"level":"error","message":"something went wrong in redisGet: Error: could not find entries.."}
{"level":"error","message":"something went wrong in load_context Error: ENOENT: no such file or directory, open '/app/dist/prompts/types/ApiToolChain.ts'"}
{"level":"error","message":"something went wrong in load_context Error: ENOENT: no such file or directory, open '/app/dist/prompts/types/ShellExecutor.ts'"}
{"level":"error","message":"something went wrong in load_context Error: ENOENT: no such file or directory, open '/app/dist/prompts/types/ShellBranch.ts'"}
{"level":"error","message":"something went wrong in load_context Error: ENOENT: no such file or directory, open '/app/dist/prompts/types/ShellResults.ts'"}
{"level":"error","message":"something went wrong in load_context Error: ENOENT: no such file or directory, open '/app/dist/prompts/types/ApiToolChain.ts'"}
{"level":"error","message":"something went wrong in load_context Error: ENOENT: no such file or directory, open '/app/dist/prompts/types/ShellExecutor.ts'"}
{"level":"error","message":"something went wrong in load_context Error: ENOENT: no such file or directory, open '/app/dist/prompts/types/ShellBranch.ts'"}
{"level":"error","message":"something went wrong in load_context Error: ENOENT: no such file or directory, open '/app/dist/prompts/types/ShellResults.ts'"}
{"level":"error","message":"something went wrong in load_context Error: ENOENT: no such file or directory, open '/app/dist/prompts/types/ApiToolChain.ts'"}
{"level":"error","message":"something went wrong in load_context Error: ENOENT: no such file or directory, open '/app/dist/prompts/types/ShellExecutor.ts'"}
{"level":"error","message":"something went wrong in load_context Error: ENOENT: no such file or directory, open '/app/dist/prompts/types/ShellBranch.ts'"}
{"level":"error","message":"something went wrong in load_context Error: ENOENT: no such file or directory, open '/app/dist/prompts/types/ShellResults.ts'"}
{"level":"error","message":"something went wrong in load_context Error: ENOENT: no such file or directory, open '/app/dist/prompts/types/ApiToolChain.ts'"}
{"level":"error","message":"something went wrong in load_context Error: ENOENT: no such file or directory, open '/app/dist/prompts/types/ShellExecutor.ts'"}
{"level":"error","message":"something went wrong in load_context Error: ENOENT: no such file or directory, open '/app/dist/prompts/types/ShellBranch.ts'"}
{"level":"error","message":"something went wrong in load_context Error: ENOENT: no such file or directory, open '/app/dist/prompts/types/ShellResults.ts'"}
{"level":"error","message":"something went wrong in load_context Error: ENOENT: no such file or directory, open '/app/dist/prompts/types/ApiToolChain.ts'"}
{"level":"error","message":"something went wrong in load_context Error: ENOENT: no such file or directory, open '/app/dist/prompts/types/ShellExecutor.ts'"}
{"level":"error","message":"something went wrong in load_context Error: ENOENT: no such file or directory, open '/app/dist/prompts/types/ShellBranch.ts'"}
{"level":"error","message":"something went wrong in load_context Error: ENOENT: no such file or directory, open '/app/dist/prompts/types/ShellResults.ts'"}
{"level":"error","message":"something went wrong in load_context Error: ENOENT: no such file or directory, open '/app/dist/prompts/types/ApiToolChain.ts'"}
{"level":"error","message":"something went wrong in load_context Error: ENOENT: no such file or directory, open '/app/dist/prompts/types/ShellExecutor.ts'"}
{"level":"error","message":"something went wrong in load_context Error: ENOENT: no such file or directory, open '/app/dist/prompts/types/ShellBranch.ts'"}
{"level":"error","message":"something went wrong in load_context Error: ENOENT: no such file or directory, open '/app/dist/prompts/types/ShellResults.ts'"}
{"level":"error","message":"something went wrong in redisGet: Error: could not find entries.."}
{"level":"error","message":"something went wrong in load_context Error: ENOENT: no such file or directory, open '/app/dist/prompts/types/ApiToolChain.ts'"}
{"level":"error","message":"something went wrong in load_context Error: ENOENT: no such file or directory, open '/app/dist/prompts/types/ShellExecutor.ts'"}
{"level":"error","message":"something went wrong in load_context Error: ENOENT: no such file or directory, open '/app/dist/prompts/types/ShellBranch.ts'"}
{"level":"error","message":"something went wrong in load_context Error: ENOENT: no such file or directory, open '/app/dist/prompts/types/ShellResults.ts'"}
{"level":"error","message":"something went wrong in redisGet: Error: could not find entries.."}
{"level":"error","message":"something went wrong in load_context Error: ENOENT: no such file or directory, open '/app/dist/prompts/types/ApiToolChain.ts'"}
{"level":"error","message":"something went wrong in load_context Error: ENOENT: no such file or directory, open '/app/dist/prompts/types/ShellExecutor.ts'"}
{"level":"error","message":"something went wrong in load_context Error: ENOENT: no such file or directory, open '/app/dist/prompts/types/ShellBranch.ts'"}
{"level":"error","message":"something went wrong in load_context Error: ENOENT: no such file or directory, open '/app/dist/prompts/types/ShellResults.ts'"}
{"level":"error","message":"something went wrong in load_context Error: ENOENT: no such file or directory, open '/app/dist/prompts/types/ApiToolChain.ts'"}
{"level":"error","message":"something went wrong in load_context Error: ENOENT: no such file or directory, open '/app/dist/prompts/types/ShellExecutor.ts'"}
{"level":"error","message":"something went wrong in load_context Error: ENOENT: no such file or directory, open '/app/dist/prompts/types/ShellBranch.ts'"}
{"level":"error","message":"something went wrong in load_context Error: ENOENT: no such file or directory, open '/app/dist/prompts/types/ShellResults.ts'"}
{"level":"error","message":"something went wrong in load_context Error: ENOENT: no such file or directory, open '/app/dist/prompts/types/ApiToolChain.ts'"}
{"level":"error","message":"something went wrong in load_context Error: ENOENT: no such file or directory, open '/app/dist/prompts/types/ShellExecutor.ts'"}
{"level":"error","message":"something went wrong in load_context Error: ENOENT: no such file or directory, open '/app/dist/prompts/types/ShellBranch.ts'"}
{"level":"error","message":"something went wrong in load_context Error: ENOENT: no such file or directory, open '/app/dist/prompts/types/ShellResults.ts'"}
{"level":"error","message":"something went wrong in load_context Error: ENOENT: no such file or directory, open '/app/dist/prompts/types/ApiToolChain.ts'"}
{"level":"error","message":"something went wrong in load_context Error: ENOENT: no such file or directory, open '/app/dist/prompts/types/ShellExecutor.ts'"}
{"level":"error","message":"something went wrong in load_context Error: ENOENT: no such file or directory, open '/app/dist/prompts/types/ShellBranch.ts'"}
{"level":"error","message":"something went wrong in load_context Error: ENOENT: no such file or directory, open '/app/dist/prompts/types/ShellResults.ts'"}
{"level":"error","message":"something went wrong in load_context Error: ENOENT: no such file or directory, open '/app/dist/prompts/types/ApiToolChain.ts'"}
{"level":"error","message":"something went wrong in load_context Error: ENOENT: no such file or directory, open '/app/dist/prompts/types/ShellExecutor.ts'"}
{"level":"error","message":"something went wrong in load_context Error: ENOENT: no such file or directory, open '/app/dist/prompts/types/ShellBranch.ts'"}
{"level":"error","message":"something went wrong in load_context Error: ENOENT: no such file or directory, open '/app/dist/prompts/types/ShellResults.ts'"}
{"level":"error","message":"something went wrong in load_context Error: ENOENT: no such file or directory, open '/app/dist/prompts/types/ApiToolChain.ts'"}
{"level":"error","message":"something went wrong in load_context Error: ENOENT: no such file or directory, open '/app/dist/prompts/types/ShellExecutor.ts'"}
{"level":"error","message":"something went wrong in load_context Error: ENOENT: no such file or directory, open '/app/dist/prompts/types/ShellBranch.ts'"}
{"level":"error","message":"something went wrong in load_context Error: ENOENT: no such file or directory, open '/app/dist/prompts/types/ShellResults.ts'"}
